{
    "__line": 84242,
    "_ancestry": [
        "L_ 10019",
        "B_ {#kawaMBara#}"
    ],
    "_banner": "{#kawaMBara#}",
    "_bannerExp": [
        {
            "Right": "kawaMBara"
        }
    ],
    "_meanings": [
        "<ab>N.</ab> of the {#kawaBI#} tree. "
    ],
    "_morphisms": [
        {
            "__line": 84242,
            "_ancestry": [
                "L_ 10019",
                "B_ {#kawaMBara#}",
                "M_ {#--rA#}"
            ],
            "_banner": "{#--rA#}",
            "_bannerExp": [
                {
                    "Right": "kawaMBarA"
                }
            ],
            "_meanings": [
                "<ab>N.</ab>\nof several plants: {1} {#nAgabalA#}; {2}  \n{#prasAriRI#}; {3} {#rohiRI#}; {4} {#hastinI#}; {5} {#kalaMbikA#}; {6} {#mUrvA#}."
            ]
        }
    ]
}