{
    "__line": 85792,
    "_ancestry": [
        "L_ 10222",
        "B_ {#kaMdaraH, --raM#}"
    ],
    "_banner": "{#kaMdaraH, --raM#}",
    "_bannerExp": [
        {
            "Right": "kaMdaraH"
        },
        {
            "Right": "kaMdaraM"
        }
    ],
    "_meanings": [
        "A cave, a valley; {#kiM#} \n{#kaMdAH kaMdareByaH pralayamupagatAH#} <ls>Bh. 3. 69</ls>;\n{#vasuDADarakaMdarABisarpI#} <ls>V. 1. 16</ls>;  \n<ls>Me. 56.</ls> "
    ],
    "_morphisms": [
        {
            "__line": 85795,
            "_ancestry": [
                "L_ 10222",
                "B_ {#kaMdaraH, --raM#}",
                "M_ {#--raH#}"
            ],
            "_banner": "{#--raH#}",
            "_bannerExp": [
                {
                    "Right": "kaMdaraH"
                }
            ],
            "_meanings": [
                "A hook for driving an \nelephant. "
            ]
        },
        {
            "__line": 85796,
            "_ancestry": [
                "L_ 10222",
                "B_ {#kaMdaraH, --raM#}",
                "M_ {#--rA-rI#}"
            ],
            "_banner": "{#--rA-rI#}",
            "_bannerExp": [
                {
                    "Right": "kaMdarA"
                },
                {
                    "Right": "kaMdarI"
                }
            ],
            "_meanings": [
                "A cave, valley, \nhollow. "
            ]
        },
        {
            "__line": 85797,
            "_ancestry": [
                "L_ 10222",
                "B_ {#kaMdaraH, --raM#}",
                "M_ {#--raM#}"
            ],
            "_banner": "{#--raM#}",
            "_bannerExp": [
                {
                    "Right": "kaMdaraM"
                }
            ],
            "_meanings": [
                "Dry ginger. "
            ]
        }
    ],
    "_samasas": [
        {
            "__line": 85797,
            "_ancestry": [
                "L_ 10222",
                "B_ {#kaMdaraH, --raM#}",
                "S_   \n{#--AkaraH#}"
            ],
            "_banner": "  \n{#--AkaraH#}",
            "_bannerExp": [
                {
                    "Right": "kaMdarAkaraH"
                }
            ],
            "_meanings": [
                "a mountain."
            ]
        }
    ]
}