{
    "__line": 86247,
    "_ancestry": [
        "L_ 10275",
        "B_ {#kaPaH#}"
    ],
    "_banner": "{#kaPaH#}",
    "_bannerExp": [
        {
            "Right": "kaPaH"
        }
    ],
    "_gram": [
        "[{#kena jalena Palati Pal-qa#} <ls>Tv.</ls>]"
    ],
    "_meanings": [
        "{@--1@}\nPhlegm, one of the three humours\nof the body (the other two being\n{#vAta#} and {#pitta#});  \n{#kaPApacayAdArogyEkamUlamASayAgnidIptiH#} <ls>Dk. 160</ls>; {#prARaprayARasamaye#}\n{#kaPavAtapittEH kaMWAvaroDanaviDO smaraRaM#}\n{#kutaste#} <ls>Udb.</ls> ",
        "{@--2@} A watery foam or\nfroth in general. "
    ],
    "_samasas": [
        {
            "__line": 86254,
            "_ancestry": [
                "L_ 10275",
                "B_ {#kaPaH#}",
                "S_  {#--ariH#}"
            ],
            "_banner": " {#--ariH#}",
            "_bannerExp": [
                {
                    "Right": "kaPAriH"
                }
            ],
            "_meanings": [
                "dry ginger. "
            ]
        },
        {
            "__line": 86255,
            "_ancestry": [
                "L_ 10275",
                "B_ {#kaPaH#}",
                "S_ {#--kUrcikA#}"
            ],
            "_banner": "{#--kUrcikA#}",
            "_bannerExp": [
                {
                    "Right": "kaPakUrcikA"
                }
            ],
            "_meanings": [
                "saliva, \nspittle. "
            ]
        },
        {
            "__line": 86256,
            "_ancestry": [
                "L_ 10275",
                "B_ {#kaPaH#}",
                "S_ {#--kzayaH#}"
            ],
            "_banner": "{#--kzayaH#}",
            "_bannerExp": [
                {
                    "Right": "kaPakzayaH"
                }
            ],
            "_meanings": [
                "pulmonary consumption.\n"
            ]
        },
        {
            "__line": 86257,
            "_ancestry": [
                "L_ 10275",
                "B_ {#kaPaH#}",
                "S_ {#--Gna, --nASana, --hara#}"
            ],
            "_banner": "{#--Gna, --nASana, --hara#}",
            "_bannerExp": [
                {
                    "Left": "S error: midAlign nASana GnASana"
                },
                {
                    "Right": "kaPaGna"
                },
                {
                    "Right": "kaPahara"
                }
            ],
            "_gram": [
                "{%<ab>a.</ab>%}"
            ],
            "_meanings": [
                "removing phlegm,\nantiphlegmatic. "
            ]
        },
        {
            "__line": 86258,
            "_ancestry": [
                "L_ 10275",
                "B_ {#kaPaH#}",
                "S_ {#--jvaraH#}"
            ],
            "_banner": "{#--jvaraH#}",
            "_bannerExp": [
                {
                    "Right": "kaPajvaraH"
                }
            ],
            "_meanings": [
                "fever caused\nby excess of phlegm. "
            ]
        },
        {
            "__line": 86259,
            "_ancestry": [
                "L_ 10275",
                "B_ {#kaPaH#}",
                "S_ {#--viroDin#}"
            ],
            "_banner": "{#--viroDin#}",
            "_bannerExp": [
                {
                    "Right": "kaPaviroDin"
                }
            ],
            "_gram": [
                "{%<ab>m.</ab>%}"
            ],
            "_meanings": [
                "pepper."
            ]
        }
    ]
}