{
    "__line": 11751,
    "_ancestry": [
        "L_ 1032",
        "B_ {#aDiSrayaRaM --paRaM#}"
    ],
    "_banner": "{#aDiSrayaRaM --paRaM#}",
    "_bannerExp": [
        {
            "Right": "aDiSrapaRaM"
        },
        {
            "Right": "aDiSrayaRaM"
        }
    ],
    "_gram": [
        "[{#Sri-SrI-BAve-lyuw#}]"
    ],
    "_meanings": [
        "Placing a kettle on fire; warming, \nboiling. "
    ],
    "_morphisms": [
        {
            "__line": 11753,
            "_ancestry": [
                "L_ 1032",
                "B_ {#aDiSrayaRaM --paRaM#}",
                "M_ {#--RI#}"
            ],
            "_banner": "{#--RI#}",
            "_bannerExp": [
                {
                    "Right": "aDiSrapaRI"
                },
                {
                    "Right": "aDiSrayaRI"
                }
            ],
            "_gram": [
                "[{#aDiSrIyate pacyate'tra, ADAre#}\n{#lyuw NIp#}]"
            ],
            "_meanings": [
                "An oven, a fire-place."
            ]
        }
    ]
}