{
    "__line": 86723,
    "_ancestry": [
        "L_ 10330",
        "B_ {#karaRa#}"
    ],
    "_banner": "{#karaRa#}",
    "_bannerExp": [
        {
            "Right": "karaRa"
        }
    ],
    "_gram": [
        "{%<ab>a.</ab>%}",
        "[{#kf-lyuw#}]"
    ],
    "_meanings": [
        "{@--1@} Making,\ndoing, effecting, producing. ",
        "{@--2@} (<ab>Ved.</ab>)\nClever, skilled. "
    ],
    "_morphisms": [
        {
            "__line": 86725,
            "_ancestry": [
                "L_ 10330",
                "B_ {#karaRa#}",
                "M_ {#--RaH#}"
            ],
            "_banner": "{#--RaH#}",
            "_bannerExp": [
                {
                    "Right": "karaRaH"
                }
            ],
            "_meanings": [
                "{@--1@} (<ab>Ved.</ab>) An \nassistant. ",
                "{@--2@} A man of a mixed tribe.\n",
                "{@--3@} A writer. "
            ]
        },
        {
            "__line": 86727,
            "_ancestry": [
                "L_ 10330",
                "B_ {#karaRa#}",
                "M_ {#--RaM#}"
            ],
            "_banner": "{#--RaM#}",
            "_bannerExp": [
                {
                    "Right": "karaRaM"
                }
            ],
            "_meanings": [
                "{@--1@} Doing, \nperforming, accomplishing, effecting; {#parahita°#},\n{#saMDyA°, priya°#} &c. ",
                "{@--2@} Act, action. ",
                "{@--3@}\nReligious action. ",
                "{@--4@} Business, trade.\n",
                "{@--5@} An organ of sense; {#vapuzA#} \n{#karaRojJitena sA nipataMtI patimapyaMpAtayat#}  \n<ls>R. 8. 38</ls>, <ls n=\"R. 8.\">42</ls>; {#pawukaraREH prARiBiH#} <ls>Me. 5</ls>;  \n<ls>R. 14. 50.</ls> ",
                "{@--6@} The body;  \n{#upamAnamaBUdvilAsinAM karaRaM yattava kAMtimattaMyA#}  \n<ls>Ku. 4. 5.</ls> ",
                "{@--7@} An instrument or means of\nan action; {#upamitikaraRamupamAnaM#} <ls>T. S.</ls>\n",
                "{@--8@} (In Logic) The instrumental\ncause which is thus defined:  \n--{#vyApAravadasADAraRaM kAraRaM karaRaM#}. ",
                "{@--9@} A cause\nor motive (in general). ",
                "{@--10@} The\nsense expressed by the instrumental\ncase (in <ab>gram.</ab>); {#sADakatamaM karaRaM#} \n<ls>P. I. 4. 42</ls>; or {#kriyAyAH#} \n\n{#parinizpattiryadvyApArAdanaMtaram . vivakzyate yadA yatra karaRaM#}\n{#tattadA smftam ..#}. ",
                "{@--11@} (In law) A \ndocument, a bond, documentary proof;\n<ls>Ms. 8. 51</ls>, <ls n=\"Ms. 8.\">52</ls>, <ls n=\"Ms. 8.\">154.</ls> ",
                "{@--12@} A kind of\nrhythmical pause, beat of the hand\nto keep time; <ls>Ku. 6. 40.</ls> ",
                "{@--13@} (In\n<ab>astrol.</ab>) A division of the day; (these\nKaraṇas are eleven). ",
                "{@--14@} The \nSupreme Being. ",
                "{@--15@} Pronunciation. ",
                "{@--16@}\nThe posture of an ascetic. ",
                "{@--17@} A\nposture in sexual enjoyment. ",
                "{@--18@}\nA field. ",
                "{@--19@} Plastering with the\nhand. ",
                "{@--20@} The usage of the writer\ncaste. "
            ]
        },
        {
            "__line": 86759,
            "_ancestry": [
                "L_ 10330",
                "B_ {#karaRa#}",
                "M_ {#--RI#}"
            ],
            "_banner": "{#--RI#}",
            "_bannerExp": [
                {
                    "Right": "karaRI"
                }
            ],
            "_meanings": [
                "{@--1@} A woman of a mixed\ncaste. ",
                "{@--2@} A surd or irrational\nnumber. "
            ]
        }
    ],
    "_samasas": [
        {
            "__line": 86761,
            "_ancestry": [
                "L_ 10330",
                "B_ {#karaRa#}",
                "S_  {#--aDipaH#}"
            ],
            "_banner": " {#--aDipaH#}",
            "_bannerExp": [
                {
                    "Right": "karaRADipaH"
                }
            ],
            "_meanings": [
                "the soul.\n"
            ]
        },
        {
            "__line": 86762,
            "_ancestry": [
                "L_ 10330",
                "B_ {#karaRa#}",
                "S_ {#--grAmaH#}"
            ],
            "_banner": "{#--grAmaH#}",
            "_bannerExp": [
                {
                    "Right": "karaRagrAmaH"
                }
            ],
            "_meanings": [
                "the organs of sense taken\ncollectively. "
            ]
        },
        {
            "__line": 86763,
            "_ancestry": [
                "L_ 10330",
                "B_ {#karaRa#}",
                "S_ {#--trARaM#}"
            ],
            "_banner": "{#--trARaM#}",
            "_bannerExp": [
                {
                    "Right": "karaRatrARaM"
                }
            ],
            "_meanings": [
                "the head."
            ]
        }
    ]
}