{
    "__line": 87833,
    "_ancestry": [
        "L_ 10449",
        "B_ {#karzaRa#}"
    ],
    "_banner": "{#karzaRa#}",
    "_bannerExp": [
        {
            "Right": "karzaRa"
        }
    ],
    "_gram": [
        "{%<ab>a.</ab>%}"
    ],
    "_meanings": [
        "{@--1@} Dragging. ",
        "{@--2@} \nInjuring. ",
        "{@--3@} Extending (in time), see\nbelow. "
    ],
    "_morphisms": [
        {
            "__line": 87835,
            "_ancestry": [
                "L_ 10449",
                "B_ {#karzaRa#}",
                "M_ {#--RaM#}"
            ],
            "_banner": "{#--RaM#}",
            "_bannerExp": [
                {
                    "Right": "karzaRaM"
                }
            ],
            "_gram": [
                "[{#kfz BAve lyuw#}]"
            ],
            "_meanings": [
                "{@--1@} \nDrawing, dragging, pulling, bending (as\nof a bow); {#BajyamAnamatimAtrakarzaRAt#}  \n<ls>R. 11. 46</ls>, <ls n=\"R.\">7. 62.</ls> ",
                "{@--2@} Attracting. ",
                "{@--3@}\nPloughing, tilling. ",
                "{@--4@} Injuring,\ntormenting; emaciation; <ls>Ms. 7. 112.</ls>\n",
                "{@--5@} Cultivated land."
            ]
        }
    ]
}