{
    "__line": 12109,
    "_ancestry": [
        "L_ 1065",
        "B_ {#aDura#}"
    ],
    "_banner": "{#aDura#}",
    "_bannerExp": [
        {
            "Right": "aDura"
        }
    ],
    "_gram": [
        "{%<ab>a.</ab>%}",
        "[{#nAsti DUH ciMtABAro vA yasya#}]"
    ],
    "_meanings": [
        "Not laden, free from the burden of\ncares &c. "
    ],
    "_morphisms": [
        {
            "__line": 12111,
            "_ancestry": [
                "L_ 1065",
                "B_ {#aDura#}",
                "M_ {#--DUH#}"
            ],
            "_banner": "{#--DUH#}",
            "_bannerExp": [
                {
                    "Right": "aDUH"
                }
            ],
            "_gram": [
                "[{#na#}. {#ta#}.]"
            ],
            "_meanings": [
                "Absence of\nburden or cares."
            ]
        }
    ]
}