{
    "__line": 89596,
    "_ancestry": [
        "L_ 10672",
        "B_ {#kAtyAyanI#}"
    ],
    "_banner": "{#kAtyAyanI#}",
    "_bannerExp": [
        {
            "Right": "kAtyAyanI"
        }
    ],
    "_meanings": [
        "{@--1@} An elderly or \nmiddleaged widow (dressed in red\nclothes). ",
        "{@--2@} <ab>N.</ab> of a wife of \nYājnavalkya. ",
        "{@--3@} <ab>N.</ab> of Pārvatī. "
    ],
    "_samasas": [
        {
            "__line": 89599,
            "_ancestry": [
                "L_ 10672",
                "B_ {#kAtyAyanI#}",
                "S_ \n{#--putraH, --sutaH#}"
            ],
            "_banner": "\n{#--putraH, --sutaH#}",
            "_bannerExp": [
                {
                    "Right": "kAtyAyanIputraH"
                },
                {
                    "Right": "kAtyAyanIsutaH"
                }
            ],
            "_meanings": [
                "<ab>N.</ab> of Kārtikeya."
            ]
        }
    ]
}