{
    "__line": 92761,
    "_ancestry": [
        "L_ 11034",
        "B_ {#kuwila#}"
    ],
    "_banner": "{#kuwila#}",
    "_bannerExp": [
        {
            "Right": "kuwila"
        }
    ],
    "_gram": [
        "{%<ab>a.</ab>%}",
        "[{#kuw-ilac#}]"
    ],
    "_meanings": [
        "{@--1@} Crooked,\nbent, curved, curled; {#BedAd BruvoH#}\n{#kuwilayoH#} <ls>Ś. 5. 23</ls>; <ls>R. 6. 82</ls>;  \n<ls n=\"R.\">19. 17</ls>; <ls>Pt. 1. 65.</ls> ",
        "{@--2@} Tortuous, \nwinding; {#kroSaM kuwilA nadI#} <ls>Sk.</ls> ",
        "{@--3@}\n(<ab>fig.</ab>) Insincere, fraudulent, \ndishonest; {#a°#} <ls>Pt. 1. 126.</ls> "
    ],
    "_morphisms": [
        {
            "__line": 92767,
            "_ancestry": [
                "L_ 11034",
                "B_ {#kuwila#}",
                "M_ {#--lA#}"
            ],
            "_banner": "{#--lA#}",
            "_bannerExp": [
                {
                    "Right": "kuwilA"
                }
            ],
            "_meanings": [
                "{@--1@} <ab>N.</ab> of Sarasvatī. ",
                "{@--2@} A kind\nof perfume. "
            ]
        },
        {
            "__line": 92769,
            "_ancestry": [
                "L_ 11034",
                "B_ {#kuwila#}",
                "M_ {#--laM#}"
            ],
            "_banner": "{#--laM#}",
            "_bannerExp": [
                {
                    "Right": "kuwilaM"
                }
            ],
            "_meanings": [
                "{@--1@} <ab>N.</ab> of a plant\n({#tagara#}). ",
                "{@--2@} Tin. "
            ]
        }
    ],
    "_samasas": [
        {
            "__line": 92770,
            "_ancestry": [
                "L_ 11034",
                "B_ {#kuwila#}",
                "S_  {#--ASaya#}"
            ],
            "_banner": " {#--ASaya#}",
            "_bannerExp": [
                {
                    "Right": "kuwilASaya"
                }
            ],
            "_gram": [
                "{%<ab>a.</ab>%}"
            ],
            "_meanings": [
                "evil-minded, malevolent.  \n"
            ]
        },
        {
            "__line": 92772,
            "_ancestry": [
                "L_ 11034",
                "B_ {#kuwila#}",
                "S_ {#--pakzman#}"
            ],
            "_banner": "{#--pakzman#}",
            "_bannerExp": [
                {
                    "Right": "kuwilapakzman"
                }
            ],
            "_gram": [
                "{%<ab>a.</ab>%}"
            ],
            "_meanings": [
                "having curved eye-lashes.\n"
            ]
        },
        {
            "__line": 92773,
            "_ancestry": [
                "L_ 11034",
                "B_ {#kuwila#}",
                "S_ {#--mati, --budDi#}"
            ],
            "_banner": "{#--mati, --budDi#}",
            "_bannerExp": [
                {
                    "Right": "kuwilabudDi"
                },
                {
                    "Right": "kuwilamati"
                }
            ],
            "_gram": [
                "{%<ab>a.</ab>%}"
            ],
            "_meanings": [
                "evil-minded, \nmalevolent; <ls>Mu. 1. 7.</ls> "
            ]
        },
        {
            "__line": 92774,
            "_ancestry": [
                "L_ 11034",
                "B_ {#kuwila#}",
                "S_ {#--svaBAva#}"
            ],
            "_banner": "{#--svaBAva#}",
            "_bannerExp": [
                {
                    "Right": "kuwilasvaBAva"
                }
            ],
            "_gram": [
                "{%<ab>a.</ab>%}"
            ],
            "_meanings": [
                "crooked\nby nature, dishonest, malevolent."
            ]
        }
    ]
}