{
    "__line": 92942,
    "_ancestry": [
        "L_ 11063",
        "B_ {#kuWAraH --rI#}"
    ],
    "_banner": "{#kuWAraH --rI#}",
    "_bannerExp": [
        {
            "Right": "kuWArI"
        },
        {
            "Right": "kuWAraH"
        }
    ],
    "_meanings": [
        "{@--1@} An axe, or hatchet;\n{#mAtuH kevalameva yOvanavanacCede kuWArA vayaM#}\n<ls>Bh. 3. 11.</ls> ",
        "{@--2@} A sort of hoe or spade.\n"
    ],
    "_morphisms": [
        {
            "__line": 92945,
            "_ancestry": [
                "L_ 11063",
                "B_ {#kuWAraH --rI#}",
                "M_ {#--raH#}"
            ],
            "_banner": "{#--raH#}",
            "_bannerExp": [
                {
                    "Right": "kuWAraH"
                }
            ],
            "_meanings": [
                "A tree."
            ]
        }
    ]
}