{
    "__line": 93317,
    "_ancestry": [
        "L_ 11126",
        "B_ {#kuMtiH#}"
    ],
    "_banner": "{#kuMtiH#}",
    "_bannerExp": [
        {
            "Right": "kuMtiH"
        }
    ],
    "_meanings": [
        "<ab>N.</ab> of a king, son of {#kraTa#}.\n"
    ],
    "_samasas": [
        {
            "__line": 93318,
            "_ancestry": [
                "L_ 11126",
                "B_ {#kuMtiH#}",
                "S_  {#--BojaH#}"
            ],
            "_banner": " {#--BojaH#}",
            "_bannerExp": [
                {
                    "Right": "kuMtiBojaH"
                }
            ],
            "_meanings": [
                "<ab>N.</ab> of a Yādava\nprince, king of the Kunties, who\nbeing childless, adopted Kuntī."
            ]
        }
    ]
}