{
    "__line": 93734,
    "_ancestry": [
        "L_ 11171",
        "B_ {#kuMBin#}"
    ],
    "_banner": "{#kuMBin#}",
    "_bannerExp": [
        {
            "Right": "kuMBin"
        }
    ],
    "_meanings": [
        "{@--1@} An elephant; <ls>Bv. 1. 52.</ls>\n",
        "{@--2@} A crocodile. ",
        "{@--3@} A fish. ",
        "{@--4@} A kind\nof poisonous insect. ",
        "{@--5@} A sort of\nfragrant resin ({#guggula#}). "
    ],
    "_samasas": [
        {
            "__line": 93737,
            "_ancestry": [
                "L_ 11171",
                "B_ {#kuMBin#}",
                "S_ \n{#--narakaH#}"
            ],
            "_banner": "\n{#--narakaH#}",
            "_bannerExp": [
                {
                    "Right": "kuMBinarakaH"
                }
            ],
            "_meanings": [
                "a particular hell. "
            ]
        },
        {
            "__line": 93738,
            "_ancestry": [
                "L_ 11171",
                "B_ {#kuMBin#}",
                "S_ {#--madaH#}"
            ],
            "_banner": "{#--madaH#}",
            "_bannerExp": [
                {
                    "Right": "kuMBimadaH"
                }
            ],
            "_meanings": [
                "rut,\nichor."
            ]
        }
    ]
}