{
    "__line": 95913,
    "_ancestry": [
        "L_ 11433",
        "B_ {#kfSAnuH#}"
    ],
    "_banner": "{#kfSAnuH#}",
    "_bannerExp": [
        {
            "Right": "kfSAnuH"
        }
    ],
    "_gram": [
        "[{#kfS Anuk#}; <ls>Uṇ. 4. 2</ls>]"
    ],
    "_meanings": [
        "Fire; {#guroH kfSAnupratimAdviBazi#}  \n<ls>R. 2. 49</ls>; <ls n=\"R.\">7. 24</ls>; <ls n=\"R.\">10. 74</ls>; <ls>Ku. 1. 51</ls>;\n<ls>Bh. 2. 107.</ls> "
    ],
    "_samasas": [
        {
            "__line": 95916,
            "_ancestry": [
                "L_ 11433",
                "B_ {#kfSAnuH#}",
                "S_  {#--retas#}"
            ],
            "_banner": " {#--retas#}",
            "_bannerExp": [
                {
                    "Right": "kfSAnuretas"
                }
            ],
            "_gram": [
                "{%<ab>m.</ab>%}"
            ],
            "_meanings": [
                "an \nepithet of Śiva."
            ]
        }
    ]
}