{
    "__line": 96271,
    "_ancestry": [
        "L_ 11464",
        "B_ {#ketakaH#}"
    ],
    "_banner": "{#ketakaH#}",
    "_bannerExp": [
        {
            "Right": "ketakaH"
        }
    ],
    "_gram": [
        "[{#kit nivAse Rvul#}]"
    ],
    "_meanings": [
        "{@--1@} <ab>N.</ab> of a\nplant; {#pratiBAMtyadya vanAni ketakAnAM#}\n<ls>Ghaṭ. 15.</ls> ",
        "{@--2@} A banner. "
    ],
    "_morphisms": [
        {
            "__line": 96273,
            "_ancestry": [
                "L_ 11464",
                "B_ {#ketakaH#}",
                "M_ {#--kaM#}"
            ],
            "_banner": "{#--kaM#}",
            "_bannerExp": [
                {
                    "Right": "ketakaM"
                }
            ],
            "_meanings": [
                "A flower\nof the Ketaka plant; {#ketakEH#} \n{#sUciBinnEH#} <ls>Me. 23</ls>; <ls>R. 6. 17</ls>, <ls n=\"R.\">13. 16.</ls> "
            ]
        },
        {
            "__line": 96275,
            "_ancestry": [
                "L_ 11464",
                "B_ {#ketakaH#}",
                "M_ {#--kI#}"
            ],
            "_banner": "{#--kI#}",
            "_bannerExp": [
                {
                    "Right": "ketakI"
                }
            ],
            "_meanings": [
                "{@--1@} <ab>N.</ab> of a plant (= {#ketaka#}); {#hasitamiva#} \n{#viDatte sUciBiH ketakInAM#} <ls>Rs. 2. 23.</ls> ",
                "{@--2@}\nA flower of that plant; <ls>Rs. 2. 20</ls>,"
            ]
        }
    ]
}