{
    "__line": 100015,
    "_ancestry": [
        "L_ 11960",
        "B_ {#kzoBaH#}"
    ],
    "_banner": "{#kzoBaH#}",
    "_bannerExp": [
        {
            "Right": "kzoBaH"
        }
    ],
    "_gram": [
        "[{#kzuB-GaY#}]"
    ],
    "_meanings": [
        "{@--1@} Shaking, \nmoving, tossing; <ls>Me. 28</ls>, <ls n=\"Me.\">95</ls>; so  \n{#kAnanakzoBaH#} &c. ",
        "{@--2@} Jolting; <ls>R. 1. 58</ls>;  \n<ls>V. 3. 11.</ls> ",
        "{@--3@} ({%a%}) Agitation, \ndisturbance, excitement, emotion; {#kzoka°#}\n<ls>U. 3</ls>, <ls n=\"U.\">3. 29</ls>; {#svayaMvarakzoBakftAmaBAvaH#}  \n<ls>R. 7. 3</ls>; {#aTeMdriyakzoBamayugmanetraH#} \n{#punarvaSitvAdbalavannigfhya#} <ls>Ku. 3. 69.</ls> ({%b%}) \nProvocation, irritation; {#prAyaH svaM#} \n{#mahimAnaM kzoBAtpratipadyate jaMtuH#} <ls>Ś. 6. 30.</ls>"
    ]
}