{
    "__line": 103833,
    "_ancestry": [
        "L_ 12423",
        "B_ {#gavyUtaM, --tiH#}"
    ],
    "_banner": "{#gavyUtaM, --tiH#}",
    "_bannerExp": [
        {
            "Right": "gavyUtaM"
        },
        {
            "Right": "gavyUtiH"
        }
    ],
    "_gram": [
        "{%<ab>f.</ab>%}"
    ],
    "_meanings": [
        "{@--1@} A measure of\nlength nearly equal to two miles\nor one Krośa. ",
        "{@--2@} A measure of \ndistance equal to two Krośas. ",
        "{@--3@} A\npasture-ground, pasturage."
    ]
}