{
    "__line": 104637,
    "_ancestry": [
        "L_ 12531",
        "B_ {#gItiH#}"
    ],
    "_banner": "{#gItiH#}",
    "_bannerExp": [
        {
            "Right": "gItiH"
        }
    ],
    "_gram": [
        "{%<ab>f.</ab>%}",
        "[{#gE-BAve ktin#}]"
    ],
    "_meanings": [
        "{@--1@} A song;\n{#ahorAgaparivAhiRI gItiH#} <ls>Ś. 5</ls>; {#SrutApsa#}\n{#rogItirapi kzaRe'smin haraH prasaMKyAnaparo#}\n{#baBUva#} <ls>Ku. 3. 40.</ls> ",
        "{@--2@} <ab>N.</ab> of a metre;\nsee App."
    ]
}