{
    "__line": 105547,
    "_ancestry": [
        "L_ 12618",
        "B_ {#gurutama#}"
    ],
    "_banner": "{#gurutama#}",
    "_bannerExp": [
        {
            "Right": "gurutama"
        }
    ],
    "_gram": [
        "{%<ab>a.</ab>%}"
    ],
    "_meanings": [
        "Most important. "
    ],
    "_morphisms": [
        {
            "__line": 105547,
            "_ancestry": [
                "L_ 12618",
                "B_ {#gurutama#}",
                "M_ {#--maH#}"
            ],
            "_banner": "{#--maH#}",
            "_bannerExp": [
                {
                    "Right": "gurutamaH"
                }
            ],
            "_meanings": [
                "{@--1@}\nA best teacher. ",
                "{@--2@} <ab>N.</ab> of Viṣṇu."
            ]
        }
    ]
}