{
    "__line": 108052,
    "_ancestry": [
        "L_ 12862",
        "B_ {#GawotkacaH#}"
    ],
    "_banner": "{#GawotkacaH#}",
    "_bannerExp": [
        {
            "Right": "GawotkacaH"
        }
    ],
    "_meanings": [
        "<ab>N.</ab> of a son of Bhīma\nby a female demon named {#hiqiMbA#}.\n<P>He was a very powerful person and\nfought valiantly in the great war \nbetween the Pāṇḍavas and Kauravas on\nthe side of the former, but was slain by\nKarṇa with the Śakti or missile he\nhad received from Indra; <ab>cf.</ab> <ls>Mu. 2. 15.</ls>."
    ]
}