{
    "__line": 111394,
    "_ancestry": [
        "L_ 13265",
        "B_ {#cArin#}"
    ],
    "_banner": "{#cArin#}",
    "_bannerExp": [
        {
            "Right": "cArin"
        }
    ],
    "_gram": [
        "{%<ab>a.</ab>%}"
    ],
    "_meanings": [
        "(At the end of <ab>comp.</ab>)\n",
        "{@--1@} Walking, going, moving, being, \nliving; {#pAda°, mfga°#}. ",
        "{@--2@} Acting, \nproceeding, doing. ",
        "{@--3@} Living or feeding\non. "
    ],
    "_morphisms": [
        {
            "__line": 111398,
            "_ancestry": [
                "L_ 13265",
                "B_ {#cArin#}",
                "M_ {%--<ab>m.</ab>%}"
            ],
            "_bannerExp": [
                {
                    "Right": "cArin"
                }
            ],
            "_gram": [
                "{%--<ab>m.</ab>%}"
            ],
            "_meanings": [
                "A foot-soldier."
            ]
        }
    ]
}