{
    "__line": 112543,
    "_ancestry": [
        "L_ 13398",
        "B_ {#cIvaraM#}"
    ],
    "_banner": "{#cIvaraM#}",
    "_bannerExp": [
        {
            "Right": "cIvaraM"
        }
    ],
    "_gram": [
        "[{#ci-zvarac ni°dIrGaH; cIv-arac#}\n{#vA#}; <ab>cf.</ab> <ls>Uṇ. 3. 1</ls>]"
    ],
    "_meanings": [
        "{@--1@} A garment (in\ngeneral); a tatter, rag; {#pretacIvaravasA#}\n{#svanograyA#} <ls>R. 11. 16.</ls> ",
        "{@--2@} The dress\nof any mendicant, particularly of a\nBuddhist mendicant; {#cIvarARi#} \n{#pariDatte#} <ls>Sk.</ls>; {#cIracIvaraparicCadAM#} <ls>Māl. 1</ls>;\n{#prakzAlitametanmayA cIvaraKaMqaM#} <ls>Mk. 8.</ls>"
    ]
}