{
    "__line": 115127,
    "_ancestry": [
        "L_ 13770",
        "B_ {#jaMbulaH#}"
    ],
    "_banner": "{#jaMbulaH#}",
    "_bannerExp": [
        {
            "Right": "jaMbulaH"
        }
    ],
    "_gram": [
        "[{#jaMbuM tannAmaPalaM lAti lA-ka#}]"
    ],
    "_meanings": [
        "{@--1@}\nA kind of tree (= {#jaMbU#} <ab>q. v.</ab>). ",
        "{@--2@} The\nKetaka plant. "
    ],
    "_morphisms": [
        {
            "__line": 115129,
            "_ancestry": [
                "L_ 13770",
                "B_ {#jaMbulaH#}",
                "M_ {#--laM#}"
            ],
            "_banner": "{#--laM#}",
            "_bannerExp": [
                {
                    "Right": "jaMbulaM"
                }
            ],
            "_meanings": [
                "Jest or jesting\ncompliments addressed to the bride\nand the bridegroom by the friends\nand female relatives of the \nbridegroom (or of the bride). "
            ]
        }
    ],
    "_samasas": [
        {
            "__line": 115133,
            "_ancestry": [
                "L_ 13770",
                "B_ {#jaMbulaH#}",
                "S_ \n{#--mAlikA#}"
            ],
            "_banner": "\n{#--mAlikA#}",
            "_bannerExp": [
                {
                    "Right": "jaMbulamAlikA"
                }
            ],
            "_meanings": [
                "the same as above."
            ]
        }
    ]
}