{
    "__line": 118242,
    "_ancestry": [
        "L_ 14148",
        "B_ {#JarJaraH#}"
    ],
    "_banner": "{#JarJaraH#}",
    "_bannerExp": [
        {
            "Right": "JarJaraH"
        }
    ],
    "_meanings": [
        "{@--1@} A sort of drum. ",
        "{@--2@} The\nKali age. ",
        "{@--3@} A cane-staff. ",
        "{@--4@} An\niron instrument used in cooking.\n",
        "{@--5@} A cymbal. "
    ],
    "_morphisms": [
        {
            "__line": 118245,
            "_ancestry": [
                "L_ 14148",
                "B_ {#JarJaraH#}",
                "M_ {#--rA#}"
            ],
            "_banner": "{#--rA#}",
            "_bannerExp": [
                {
                    "Right": "JarJarA"
                }
            ],
            "_meanings": [
                "A whore, harlot.\n"
            ]
        },
        {
            "__line": 118246,
            "_ancestry": [
                "L_ 14148",
                "B_ {#JarJaraH#}",
                "M_ {#--rI#}"
            ],
            "_banner": "{#--rI#}",
            "_bannerExp": [
                {
                    "Right": "JarJarI"
                }
            ],
            "_meanings": [
                "A sort of drum. "
            ]
        },
        {
            "__line": 118246,
            "_ancestry": [
                "L_ 14148",
                "B_ {#JarJaraH#}",
                "M_ {#--raM#}"
            ],
            "_banner": "{#--raM#}",
            "_bannerExp": [
                {
                    "Right": "JarJaraM"
                }
            ],
            "_meanings": [
                "A sound\nas of splashing or dropping."
            ]
        }
    ]
}