{
    "__line": 119215,
    "_ancestry": [
        "L_ 14324",
        "B_ {#taMqulaH#}"
    ],
    "_banner": "{#taMqulaH#}",
    "_bannerExp": [
        {
            "Right": "taMqulaH"
        }
    ],
    "_gram": [
        "[{#taMq-ulac#}]"
    ],
    "_meanings": [
        "Grain after\nthreshing, unhusking and \nwinnowing; (especially rice); {#Sasya, DAnya#},\n{#taMqula#} and {#anna#} are thus \ndistinguished from one another:--{#SasyaM kzetragataM#}\n{#proktaM satuzaM DAnyamucyate . nistuzastaMqulaH proktaH#}\n{#svinnamannamudAhftaM ..#}. "
    ],
    "_samasas": [
        {
            "__line": 119221,
            "_ancestry": [
                "L_ 14324",
                "B_ {#taMqulaH#}",
                "S_  {#--aMbu#}"
            ],
            "_banner": " {#--aMbu#}",
            "_bannerExp": [
                {
                    "Right": "taMqulAMbu"
                }
            ],
            "_gram": [
                "{%<ab>n.</ab>%}"
            ],
            "_meanings": [
                "gruel. "
            ]
        },
        {
            "__line": 119222,
            "_ancestry": [
                "L_ 14324",
                "B_ {#taMqulaH#}",
                "S_ {#--utTaM-kaM#}"
            ],
            "_banner": "{#--utTaM-kaM#}",
            "_bannerExp": [
                {
                    "Left": "S error: 1 syl utTaM kaM"
                },
                {
                    "Right": "taMqulotTaM"
                }
            ],
            "_meanings": [
                "rice-gruel. "
            ]
        },
        {
            "__line": 119222,
            "_ancestry": [
                "L_ 14324",
                "B_ {#taMqulaH#}",
                "S_ {#--oGaH#}"
            ],
            "_banner": "{#--oGaH#}",
            "_bannerExp": [
                {
                    "Right": "taMqulOGaH"
                }
            ],
            "_meanings": [
                "{1} a prickly sort of bamboo. ",
                "{2} a\nheap of grain."
            ]
        }
    ]
}