{
    "__line": 119871,
    "_ancestry": [
        "L_ 14373",
        "B_ {#taMtr#}"
    ],
    "_banner": "{#taMtr#}",
    "_bannerExp": [
        {
            "Right": "taMtr"
        }
    ],
    "_gram": [
        "{c10c}",
        "<ab>U.</ab>",
        "({#taMtrayati--te, taMtrita#})"
    ],
    "_meanings": [
        "{@--1@} To\nrule, control, govern; {#prajAH prajAH#}\n{#svA iva taMtrayitvA#} <ls>Ś. 5. 5.</ls> ",
        "{@--2@} To \nperform or go through in order. ",
        "{@--3@} To\nmaintain by discipline, keep in order.\n",
        "{@--4@} (<ab>A.</ab>) To support, maintain (as\na family)."
    ]
}