{
    "__line": 121918,
    "_ancestry": [
        "L_ 14666",
        "B_ {#tim#}"
    ],
    "_banner": "{#tim#}",
    "_bannerExp": [
        {
            "Right": "tim"
        }
    ],
    "_gram": [
        "{vI.v}",
        "{c1c}",
        "<ab>P.</ab>",
        "({#temati, timita#})"
    ],
    "_meanings": [
        "To\nmake wet or damp, moisten. "
    ],
    "_morphisms": [
        {
            "__line": 121919,
            "_ancestry": [
                "L_ 14666",
                "B_ {#tim#}",
                "M_ {vII.v}"
            ],
            "_bannerExp": [
                {
                    "Right": "tim"
                }
            ],
            "_gram": [
                "{vII.v}",
                "{c4c}",
                "<ab>P.</ab>",
                "({#timyati#})"
            ],
            "_meanings": [
                "{@--1@} To become wet. ",
                "{@--2@}\nTo become quiet or tranquil, be\ncalm."
            ]
        }
    ]
}