{
    "__line": 123977,
    "_ancestry": [
        "L_ 14959",
        "B_ {#tElaM#}"
    ],
    "_banner": "{#tElaM#}",
    "_bannerExp": [
        {
            "Right": "tElaM"
        }
    ],
    "_gram": [
        "[{#tilasya tatsadfSasya vA vikAraH aR#}]"
    ],
    "_meanings": [
        "{@--1@} Oil; {#laBeta sikatAsu tElamapi yatnataH#}\n{#pIqayan#} <ls>Bh. 2. 5</ls>; <ls>Y. 1. 284</ls>; <ls>R. 8. 38.</ls>\n",
        "{@--2@} Benzoin. "
    ],
    "_samasas": [
        {
            "__line": 123980,
            "_ancestry": [
                "L_ 14959",
                "B_ {#tElaM#}",
                "S_  {#--awI#}"
            ],
            "_banner": " {#--awI#}",
            "_bannerExp": [
                {
                    "Right": "tElAwI"
                }
            ],
            "_meanings": [
                "a wasp.\n"
            ]
        },
        {
            "__line": 123981,
            "_ancestry": [
                "L_ 14959",
                "B_ {#tElaM#}",
                "S_ {#--aByaMgaH#}"
            ],
            "_banner": "{#--aByaMgaH#}",
            "_bannerExp": [
                {
                    "Right": "tElAByaMgaH"
                }
            ],
            "_meanings": [
                "anointing the body with\noil. "
            ]
        },
        {
            "__line": 123982,
            "_ancestry": [
                "L_ 14959",
                "B_ {#tElaM#}",
                "S_ {#--kalkajaH#}"
            ],
            "_banner": "{#--kalkajaH#}",
            "_bannerExp": [
                {
                    "Right": "tElakalkajaH"
                }
            ],
            "_meanings": [
                "oil-cake. "
            ]
        },
        {
            "__line": 123982,
            "_ancestry": [
                "L_ 14959",
                "B_ {#tElaM#}",
                "S_ {#--kAraH#}"
            ],
            "_banner": "{#--kAraH#}",
            "_bannerExp": [
                {
                    "Right": "tElakAraH"
                }
            ],
            "_meanings": [
                "an \noilman. "
            ]
        },
        {
            "__line": 123983,
            "_ancestry": [
                "L_ 14959",
                "B_ {#tElaM#}",
                "S_ {#--kiwwaM#}"
            ],
            "_banner": "{#--kiwwaM#}",
            "_bannerExp": [
                {
                    "Right": "tElakiwwaM"
                }
            ],
            "_meanings": [
                "oil-cake. "
            ]
        },
        {
            "__line": 123983,
            "_ancestry": [
                "L_ 14959",
                "B_ {#tElaM#}",
                "S_ {#--cOrikA#}"
            ],
            "_banner": "{#--cOrikA#}",
            "_bannerExp": [
                {
                    "Right": "tElacOrikA"
                }
            ],
            "_meanings": [
                "a \ncockroach. "
            ]
        },
        {
            "__line": 123984,
            "_ancestry": [
                "L_ 14959",
                "B_ {#tElaM#}",
                "S_ {#--droRI#}"
            ],
            "_banner": "{#--droRI#}",
            "_bannerExp": [
                {
                    "Right": "tEladroRI"
                }
            ],
            "_meanings": [
                "an oil-tub. "
            ]
        },
        {
            "__line": 123984,
            "_ancestry": [
                "L_ 14959",
                "B_ {#tElaM#}",
                "S_ {#--parRikA#}, \n{#--parRI#}"
            ],
            "_banner": "{#--parRikA#}, \n{#--parRI#}",
            "_bannerExp": [
                {
                    "Right": "tElaparRI"
                },
                {
                    "Right": "tElaparRikA"
                }
            ],
            "_meanings": [
                "{1} sandal. ",
                "{2} incense. ",
                "{3} \nturpentine. "
            ]
        },
        {
            "__line": 123986,
            "_ancestry": [
                "L_ 14959",
                "B_ {#tElaM#}",
                "S_ {#--pAyin#}"
            ],
            "_banner": "{#--pAyin#}",
            "_bannerExp": [
                {
                    "Right": "tElapAyin"
                }
            ],
            "_gram": [
                "{%<ab>m.</ab>%}"
            ],
            "_meanings": [
                "{1} a kind of \ncockroach. ",
                "{2} a sword. "
            ]
        },
        {
            "__line": 123987,
            "_ancestry": [
                "L_ 14959",
                "B_ {#tElaM#}",
                "S_ {#--piMjaH#}"
            ],
            "_banner": "{#--piMjaH#}",
            "_bannerExp": [
                {
                    "Right": "tElapiMjaH"
                }
            ],
            "_meanings": [
                "the white\nsesamum. "
            ]
        },
        {
            "__line": 123988,
            "_ancestry": [
                "L_ 14959",
                "B_ {#tElaM#}",
                "S_ {#--pipIlikA#}"
            ],
            "_banner": "{#--pipIlikA#}",
            "_bannerExp": [
                {
                    "Right": "tElapipIlikA"
                }
            ],
            "_meanings": [
                "the small red\nant. "
            ]
        },
        {
            "__line": 123989,
            "_ancestry": [
                "L_ 14959",
                "B_ {#tElaM#}",
                "S_ {#--pIta#}"
            ],
            "_banner": "{#--pIta#}",
            "_bannerExp": [
                {
                    "Right": "tElapIta"
                }
            ],
            "_gram": [
                "{%<ab>a.</ab>%}"
            ],
            "_meanings": [
                "one who has drunk oil.\n"
            ]
        },
        {
            "__line": 123990,
            "_ancestry": [
                "L_ 14959",
                "B_ {#tElaM#}",
                "S_ {#--PalaH#}"
            ],
            "_banner": "{#--PalaH#}",
            "_bannerExp": [
                {
                    "Right": "tElaPalaH"
                }
            ],
            "_meanings": [
                "{1} the Iṅgudī tree. ",
                "{2} the\nsesamum plant. "
            ]
        },
        {
            "__line": 123991,
            "_ancestry": [
                "L_ 14959",
                "B_ {#tElaM#}",
                "S_ {#--BAvinI#}"
            ],
            "_banner": "{#--BAvinI#}",
            "_bannerExp": [
                {
                    "Right": "tElaBAvinI"
                }
            ],
            "_meanings": [
                "Jasmine.\n"
            ]
        },
        {
            "__line": 123992,
            "_ancestry": [
                "L_ 14959",
                "B_ {#tElaM#}",
                "S_ {#--mAlI#}"
            ],
            "_banner": "{#--mAlI#}",
            "_bannerExp": [
                {
                    "Right": "tElamAlI"
                }
            ],
            "_meanings": [
                "the wick of a lamp. "
            ]
        },
        {
            "__line": 123992,
            "_ancestry": [
                "L_ 14959",
                "B_ {#tElaM#}",
                "S_ {#--yaMtraM#}"
            ],
            "_banner": "{#--yaMtraM#}",
            "_bannerExp": [
                {
                    "Right": "tElayaMtraM"
                }
            ],
            "_meanings": [
                "an\noil-mill. "
            ]
        },
        {
            "__line": 123993,
            "_ancestry": [
                "L_ 14959",
                "B_ {#tElaM#}",
                "S_ {#--sPawikaH#}"
            ],
            "_banner": "{#--sPawikaH#}",
            "_bannerExp": [
                {
                    "Right": "tElasPawikaH"
                }
            ],
            "_meanings": [
                "a kind of gem."
            ]
        }
    ]
}