{
    "__line": 128620,
    "_ancestry": [
        "L_ 15470",
        "B_ {#dIpana#}"
    ],
    "_banner": "{#dIpana#}",
    "_bannerExp": [
        {
            "Right": "dIpana"
        }
    ],
    "_gram": [
        "{%<ab>a.</ab>%}",
        "[{#dIp Ric lyuw vA#}]"
    ],
    "_meanings": [
        "{@--1@} \nKindling, inflaming, &c. ",
        "{@--2@} Digestive, tonic.\n",
        "{@--3@} Exciting, animating, \nstimulating; <ls>Māl. 9. 46.</ls> "
    ],
    "_morphisms": [
        {
            "__line": 128623,
            "_ancestry": [
                "L_ 15470",
                "B_ {#dIpana#}",
                "M_ {#--naM#}"
            ],
            "_banner": "{#--naM#}",
            "_bannerExp": [
                {
                    "Right": "dIpanaM"
                }
            ],
            "_meanings": [
                "{@--1@} Kindling,\ninflaming. ",
                "{@--2@} A tonic stimulating\ndigestion. ",
                "{@--3@} Exciting, stimulating.\n",
                "{@--4@} Lighting, illuminating. ",
                "{@--5@} \nPromoting digestion. ",
                "{@--6@} Saffron."
            ]
        }
    ]
}