{
    "__line": 129629,
    "_ancestry": [
        "L_ 15535",
        "B_ {#dUzya#}"
    ],
    "_banner": "{#dUzya#}",
    "_bannerExp": [
        {
            "Right": "dUzya"
        }
    ],
    "_gram": [
        "{%<ab>a.</ab>%}",
        "[{#duz karmaRi Ryat#}]"
    ],
    "_meanings": [
        "{@--1@} \nCorruptible. ",
        "{@--2@} Condemnable, culpable,\nblamable. "
    ],
    "_morphisms": [
        {
            "__line": 129631,
            "_ancestry": [
                "L_ 15535",
                "B_ {#dUzya#}",
                "M_ {#--zyaM#}"
            ],
            "_banner": "{#--zyaM#}",
            "_bannerExp": [
                {
                    "Right": "dUzyaM"
                }
            ],
            "_meanings": [
                "{@--1@} Matter, pus. ",
                "{@--2@}\nPoison. ",
                "{@--3@} Cotton. ",
                "{@--4@} A garment,\nclothes. ",
                "{@--5@} A tent; <ls>Śi. 12. 65.</ls>\n"
            ]
        },
        {
            "__line": 129634,
            "_ancestry": [
                "L_ 15535",
                "B_ {#dUzya#}",
                "M_ {#--zyA#}"
            ],
            "_banner": "{#--zyA#}",
            "_bannerExp": [
                {
                    "Right": "dUzyA"
                }
            ],
            "_meanings": [
                "Leathern girth of an elephant."
            ]
        }
    ]
}