{
    "__line": 130092,
    "_ancestry": [
        "L_ 15562",
        "B_ {#dUrataH#}"
    ],
    "_banner": "{#dUrataH#}",
    "_bannerExp": [
        {
            "Right": "dUrataH"
        }
    ],
    "_gram": [
        "{%<ab>ind.</ab>%}"
    ],
    "_meanings": [
        "{@--1@} From afar, from a\ndistance; {#tadrAjyaM dUratastyajet#} <ls>Pt. 5. 69</ls>;\n{#vahati ca parItApaM dozaM vimuMcati dUrataH#}\n<ls>Gīt. 2.</ls> ",
        "{@--2@} Far away, to a distance;\n<ls>Pt. 1. 9.</ls>"
    ]
}