{
    "__line": 131905,
    "_ancestry": [
        "L_ 15759",
        "B_ {#dyotana#}"
    ],
    "_banner": "{#dyotana#}",
    "_bannerExp": [
        {
            "Right": "dyotana"
        }
    ],
    "_gram": [
        "{%<ab>a.</ab>%}",
        "[{#dyut-yuc#}]"
    ],
    "_meanings": [
        "{@--1@} Bright,\nshining. ",
        "{@--2@} Illuminating. ",
        "{@--3@} \nExplaining, elucidating. "
    ],
    "_morphisms": [
        {
            "__line": 131907,
            "_ancestry": [
                "L_ 15759",
                "B_ {#dyotana#}",
                "M_ {#--naH#}"
            ],
            "_banner": "{#--naH#}",
            "_bannerExp": [
                {
                    "Right": "dyotanaH"
                }
            ],
            "_meanings": [
                "A lamp.\n"
            ]
        },
        {
            "__line": 131908,
            "_ancestry": [
                "L_ 15759",
                "B_ {#dyotana#}",
                "M_ {#--naM#}"
            ],
            "_banner": "{#--naM#}",
            "_bannerExp": [
                {
                    "Right": "dyotanaM"
                }
            ],
            "_meanings": [
                "{@--1@} Shining. ",
                "{@--2@} Illuminating.\n",
                "{@--3@} Explaining. ",
                "{@--4@} Sight, seeing.\n",
                "{@--5@} Light. ",
                "{@--6@} Dawn."
            ]
        }
    ]
}