{
    "__line": 132425,
    "_ancestry": [
        "L_ 15831",
        "B_ {#druh#}"
    ],
    "_banner": "{#druh#}",
    "_bannerExp": [
        {
            "Right": "druh"
        }
    ],
    "_gram": [
        "{%<ab>a.</ab>%}"
    ],
    "_meanings": [
        "(At the end of <ab>comp.</ab>)\n(<ab>Nom.</ab> <ab>sing.</ab> {#Druk-g, Druw-q#}) \nInjuring, hurting, plotting or acting as\nan enemy against; <ls>Śi. 2. 35</ls>;  \n<ls>Ms. 5. 90.</ls> "
    ],
    "_morphisms": [
        {
            "__line": 132429,
            "_ancestry": [
                "L_ 15831",
                "B_ {#druh#}",
                "M_ {%--<ab>f.</ab>%}"
            ],
            "_bannerExp": [
                {
                    "Right": "druh"
                }
            ],
            "_gram": [
                "{%--<ab>f.</ab>%}"
            ],
            "_meanings": [
                "Injury, damage."
            ]
        }
    ]
}