{
    "__line": 132780,
    "_ancestry": [
        "L_ 15866",
        "B_ {#dvAra(ri)kA#}"
    ],
    "_banner": "{#dvAra(ri)kA#}",
    "_bannerExp": [
        {
            "Right": "dvArakA"
        },
        {
            "Right": "dvArikA"
        }
    ],
    "_meanings": [
        "<ab>N.</ab> of the capital of\nKṛṣṇa on the western point of\nGujarāth; (for a description of\nDvārakā, see <ls>Śi. 3. 33-63</ls>) "
    ],
    "_samasas": [
        {
            "__line": 132783,
            "_ancestry": [
                "L_ 15866",
                "B_ {#dvAra(ri)kA#}",
                "S_ \n{#--ISaH, --nATaH, --patiH#}"
            ],
            "_banner": "\n{#--ISaH, --nATaH, --patiH#}",
            "_bannerExp": [
                {
                    "Right": "dvArakAnATaH"
                },
                {
                    "Right": "dvArakApatiH"
                },
                {
                    "Right": "dvArakeSaH"
                },
                {
                    "Right": "dvArikAnATaH"
                },
                {
                    "Right": "dvArikApatiH"
                },
                {
                    "Right": "dvArikeSaH"
                }
            ],
            "_meanings": [
                "epithets of\nKṛṣṇa."
            ]
        }
    ]
}