{
    "__line": 134579,
    "_ancestry": [
        "L_ 16030",
        "B_ {#DAra#}"
    ],
    "_banner": "{#DAra#}",
    "_bannerExp": [
        {
            "Right": "DAra"
        }
    ],
    "_gram": [
        "{%<ab>a.</ab>%}",
        "[{#Df-Ric-ac#}]"
    ],
    "_meanings": [
        "{@--1@} Holding,\nbearing, supporting. ",
        "{@--2@} Streaming,\ndripping, flowing. "
    ],
    "_morphisms": [
        {
            "__line": 134581,
            "_ancestry": [
                "L_ 16030",
                "B_ {#DAra#}",
                "M_ {#--raH#}"
            ],
            "_banner": "{#--raH#}",
            "_bannerExp": [
                {
                    "Right": "DAraH"
                }
            ],
            "_meanings": [
                "{@--1@} An epithet\nof Viṣṇu. ",
                "{@--2@} A sudden and \nviolent shower of rain, sharp-driving\nshower. ",
                "{@--3@} Snow, hail. ",
                "{@--4@} A deep\nplace. ",
                "{@--5@} Debt. ",
                "{@--6@} A boundary,\nlimit. ",
                "{@--7@} A sort of stone."
            ]
        }
    ]
}