{
    "__line": 135838,
    "_ancestry": [
        "L_ 16175",
        "B_ {#DOta#}"
    ],
    "_banner": "{#DOta#}",
    "_bannerExp": [
        {
            "Right": "DOta"
        }
    ],
    "_gram": [
        "{%<ab>p. p.</ab>%}",
        "[{#DAv-kta UW#}]"
    ],
    "_meanings": [
        "{@--1@} \nWashed, washed off, cleaned, purified,\nlaved; {#kulyAMBoBiH pavanacapalEH SAKino#}\n{#DOtamUlAH#} <ls>Ś. 1. 15</ls>; <ls>Śik. 58</ls>;  \n<ls>Ku. 1. 6</ls>, <ls n=\"Ku.\">6. 57</ls>; <ls>R. 16. 49</ls>; <ls n=\"R.\">19. 10.</ls> ",
        "{@--2@} \nPolished, brightened. ",
        "{@--3@} Bright, white,\nshining, brightened, glistening;  \n{#haraSiraScaMdrikADOtaharmyA#} <ls>Me. 7</ls>, <ls n=\"Me.\">44</ls>;  \n{#vikasaddaMtAMSuDOtADaraM#} <ls>Gīt. 12.</ls> "
    ],
    "_morphisms": [
        {
            "__line": 135846,
            "_ancestry": [
                "L_ 16175",
                "B_ {#DOta#}",
                "M_ {#--taM#}"
            ],
            "_banner": "{#--taM#}",
            "_bannerExp": [
                {
                    "Right": "DOtaM"
                }
            ],
            "_meanings": [
                "{@--1@} Silver.\n",
                "{@--2@} Cleaning, washing. "
            ]
        }
    ],
    "_samasas": [
        {
            "__line": 135847,
            "_ancestry": [
                "L_ 16175",
                "B_ {#DOta#}",
                "S_  {#--kawa#}"
            ],
            "_banner": " {#--kawa#}",
            "_bannerExp": [
                {
                    "Right": "DOtakawa"
                }
            ],
            "_meanings": [
                "a bag of coarse cloth. "
            ]
        },
        {
            "__line": 135848,
            "_ancestry": [
                "L_ 16175",
                "B_ {#DOta#}",
                "S_ {#--kozajaM, --kOHzeyaM#}"
            ],
            "_banner": "{#--kozajaM, --kOHzeyaM#}",
            "_bannerExp": [
                {
                    "Right": "DOtakOHzeyaM"
                },
                {
                    "Right": "DOtakozajaM"
                }
            ],
            "_meanings": [
                "bleached or purified silk. "
            ]
        },
        {
            "__line": 135849,
            "_ancestry": [
                "L_ 16175",
                "B_ {#DOta#}",
                "S_ {#--KaMrqA#}"
            ],
            "_banner": "{#--KaMrqA#}",
            "_bannerExp": [
                {
                    "Right": "DOtaKaMrqA"
                }
            ],
            "_meanings": [
                "sugar-candy. "
            ]
        },
        {
            "__line": 135850,
            "_ancestry": [
                "L_ 16175",
                "B_ {#DOta#}",
                "S_ {#--SilaM#}"
            ],
            "_banner": "{#--SilaM#}",
            "_bannerExp": [
                {
                    "Right": "DOtaSilaM"
                }
            ],
            "_meanings": [
                "rock-crystal."
            ]
        }
    ]
}