{
    "__line": 137019,
    "_ancestry": [
        "L_ 16319",
        "B_ {#naMdaka#}"
    ],
    "_banner": "{#naMdaka#}",
    "_bannerExp": [
        {
            "Right": "naMdaka"
        }
    ],
    "_gram": [
        "{%<ab>a.</ab>%}",
        "[{#naMd-Rvul#}]"
    ],
    "_meanings": [
        "{@--1@} Rejoicing,\nmaking happy, gladdening. ",
        "{@--2@}\nDelighting or rejoicing in. ",
        "{@--3@} \nGladdening a family. "
    ],
    "_morphisms": [
        {
            "__line": 137022,
            "_ancestry": [
                "L_ 16319",
                "B_ {#naMdaka#}",
                "M_ {#--kaH#}"
            ],
            "_banner": "{#--kaH#}",
            "_bannerExp": [
                {
                    "Right": "naMdakaH"
                }
            ],
            "_meanings": [
                "{@--1@} A frog. ",
                "{@--2@}\n<ab>N.</ab> of the sword of Kṛṣṇa. ",
                "{@--3@} A\nsword in general. ",
                "{@--4@} Happiness. ",
                "{@--5@}\nNanda, the foster-father of Kṛṣṇa."
            ]
        }
    ]
}