{
    "__line": 138110,
    "_ancestry": [
        "L_ 16437",
        "B_ {#nahuzya#}"
    ],
    "_banner": "{#nahuzya#}",
    "_bannerExp": [
        {
            "Right": "nahuzya"
        }
    ],
    "_gram": [
        "{%<ab>a.</ab>%}"
    ],
    "_meanings": [
        "<ab>Ved.</ab> Human. "
    ],
    "_morphisms": [
        {
            "__line": 138110,
            "_ancestry": [
                "L_ 16437",
                "B_ {#nahuzya#}",
                "M_ {#--zyaH#}"
            ],
            "_banner": "{#--zyaH#}",
            "_bannerExp": [
                {
                    "Right": "nahuzyaH"
                }
            ],
            "_meanings": [
                "A\nman."
            ]
        }
    ]
}