{
    "__line": 138380,
    "_ancestry": [
        "L_ 16460",
        "B_ {#nAwyaM#}"
    ],
    "_banner": "{#nAwyaM#}",
    "_bannerExp": [
        {
            "Right": "nAwyaM"
        }
    ],
    "_gram": [
        "[{#nawasyedaM kftyaM zyaY#}]"
    ],
    "_meanings": [
        "{@--1@} \nDancing. ",
        "{@--2@} Dramatic representation,\ngesticulation, acting; {#nAwye ca dakzA#}\n{#vayaM#} <ls>Ratn. 1. 6</ls>; {#nUnaM nAwye Bavati ca#}\n{#ciraM norvaSI garvaSIlA#} <ls>Vikr. 18. 29.</ls>\n",
        "{@--3@} The science or art of dancing or\nacting, scenic art; {#nAwyaM#} \n{#Binnarucerjanasya bahuDApyekaM samArADanaM#} <ls>M. 1. 4.</ls> ",
        "{@--4@} The\ncostume of an actor. "
    ],
    "_morphisms": [
        {
            "__line": 138388,
            "_ancestry": [
                "L_ 16460",
                "B_ {#nAwyaM#}",
                "M_ {#--wyaH#}"
            ],
            "_banner": "{#--wyaH#}",
            "_bannerExp": [
                {
                    "Right": "nAwyaH"
                }
            ],
            "_meanings": [
                "An actor.\n"
            ]
        }
    ],
    "_samasas": [
        {
            "__line": 138389,
            "_ancestry": [
                "L_ 16460",
                "B_ {#nAwyaM#}",
                "S_  {#--AcAryaH#}"
            ],
            "_banner": " {#--AcAryaH#}",
            "_bannerExp": [
                {
                    "Right": "nAwyAcAryaH"
                }
            ],
            "_meanings": [
                "a dancing \npreceptor. "
            ]
        },
        {
            "__line": 138390,
            "_ancestry": [
                "L_ 16460",
                "B_ {#nAwyaM#}",
                "S_ {#--uktiH#}"
            ],
            "_banner": "{#--uktiH#}",
            "_bannerExp": [
                {
                    "Right": "nAwyoktiH"
                }
            ],
            "_gram": [
                "{%<ab>f.</ab>%}"
            ],
            "_meanings": [
                "dramatic \nphraseology. "
            ]
        },
        {
            "__line": 138391,
            "_ancestry": [
                "L_ 16460",
                "B_ {#nAwyaM#}",
                "S_ {#--DarmikA, --DarmI#}"
            ],
            "_banner": "{#--DarmikA, --DarmI#}",
            "_bannerExp": [
                {
                    "Right": "nAwyaDarmI"
                },
                {
                    "Right": "nAwyaDarmikA"
                }
            ],
            "_meanings": [
                "the rules of\ndramatic representation. "
            ]
        },
        {
            "__line": 138392,
            "_ancestry": [
                "L_ 16460",
                "B_ {#nAwyaM#}",
                "S_ {#--priyaH#}"
            ],
            "_banner": "{#--priyaH#}",
            "_bannerExp": [
                {
                    "Right": "nAwyapriyaH"
                }
            ],
            "_meanings": [
                "an\nepithet of Śiva. "
            ]
        },
        {
            "__line": 138393,
            "_ancestry": [
                "L_ 16460",
                "B_ {#nAwyaM#}",
                "S_ {#--SAlA#}"
            ],
            "_banner": "{#--SAlA#}",
            "_bannerExp": [
                {
                    "Right": "nAwyaSAlA"
                }
            ],
            "_meanings": [
                "{1} a \ndancing-hall. ",
                "{2} a theatre. "
            ]
        },
        {
            "__line": 138394,
            "_ancestry": [
                "L_ 16460",
                "B_ {#nAwyaM#}",
                "S_ {#--SAstraM#}"
            ],
            "_banner": "{#--SAstraM#}",
            "_bannerExp": [
                {
                    "Right": "nAwyaSAstraM"
                }
            ],
            "_meanings": [
                "{1} the\ndramatic science, dramaturgy. ",
                "{2} a\nwork on dramatic representation."
            ]
        }
    ]
}