{
    "__line": 138977,
    "_ancestry": [
        "L_ 16525",
        "B_ {#nArikeraH, --laH#}"
    ],
    "_banner": "{#nArikeraH, --laH#}",
    "_bannerExp": [
        {
            "Right": "nArikelaH"
        },
        {
            "Right": "nArikeraH"
        }
    ],
    "_meanings": [
        "The cocoa-nut;\n{#nArikelasamAkArA dfSyaMte hi suhfjjanAH#}  \n<ls>H. 1. 94.</ls> (The word is also written\n{#nArikeli-lI, narikera-la, nArIkeli lI, --nAqi#}\n{#(qI) kera, nAlikera, nAlikeli-lI#}).\n"
    ],
    "_morphisms": [
        {
            "__line": 138982,
            "_ancestry": [
                "L_ 16525",
                "B_ {#nArikeraH, --laH#}",
                "M_ {#--lI#}"
            ],
            "_banner": "{#--lI#}",
            "_bannerExp": [
                {
                    "Right": "nArikelI"
                }
            ],
            "_meanings": [
                "Fermented liquor made from\nthe water of the cocoa-nut."
            ]
        }
    ]
}