{
    "__line": 142244,
    "_ancestry": [
        "L_ 16876",
        "B_ {#nirAkaraRaM#}"
    ],
    "_banner": "{#nirAkaraRaM#}",
    "_bannerExp": [
        {
            "Right": "nirAkaraRaM"
        }
    ],
    "_meanings": [
        "{@--1@} Repudiating, \nexpelling, turning away; {#nirAkaraRaviklavA#}\n<ls>Ś. 6.</ls> ",
        "{@--2@} Banishing. ",
        "{@--3@} Obstruction,\ncontradiction, opposition, rejection.\n",
        "{@--4@} Refutation, reply. ",
        "{@--5@} Contempt.\n",
        "{@--6@} Neglecting the chief sacrificial\nduties. ",
        "{@--7@} Forgetting."
    ]
}