{
    "__line": 142417,
    "_ancestry": [
        "L_ 16899",
        "B_ {#nirUp#}"
    ],
    "_banner": "{#nirUp#}",
    "_bannerExp": [
        {
            "Right": "nirUp"
        }
    ],
    "_gram": [
        "{c10c}",
        "<ab>U.</ab>"
    ],
    "_meanings": [
        "{@--1@} To see, perceive,\nmark or observe carefully; {#na ca#} \n{#mahAvane paMTA nirUpitaH#} <ls>K. 120.</ls> ",
        "{@--2@} To\ninvestigate, examine, look out for,\nsearch. ",
        "{@--3@} To fix upon, determine,\nsettle, resolve. ",
        "{@--4@} To choose, select,\nappoint. ",
        "{@--5@} To reflect, consider. ",
        "{@--6@}\nTo act, represent dramatically, \ngesticulate. ",
        "{@--7@} To perform."
    ]
}