{
    "__line": 145287,
    "_ancestry": [
        "L_ 17271",
        "B_ {#nispaMda#}"
    ],
    "_banner": "{#nispaMda#}",
    "_bannerExp": [
        {
            "Right": "nispaMda"
        }
    ],
    "_gram": [
        "{%<ab>a.</ab>%}"
    ],
    "_meanings": [
        "Immoveable, steady.\n"
    ],
    "_morphisms": [
        {
            "__line": 145288,
            "_ancestry": [
                "L_ 17271",
                "B_ {#nispaMda#}",
                "M_ {#--daH#}"
            ],
            "_banner": "{#--daH#}",
            "_bannerExp": [
                {
                    "Right": "nispaMdaH"
                }
            ],
            "_meanings": [
                "Trembling, throbbing motion."
            ]
        }
    ]
}