{
    "__line": 145851,
    "_ancestry": [
        "L_ 17334",
        "B_ {#nu#}"
    ],
    "_banner": "{#nu#}",
    "_bannerExp": [
        {
            "Right": "nu"
        }
    ],
    "_gram": [
        "{%<ab>ind.</ab>%}"
    ],
    "_meanings": [
        "{@--1@} A particle having an\ninterrogative force and implying\nsome ‘doubt’, or ‘uncertainty’;\n{#svapno nu mAyA nu matiBramo nu#} <ls>Ś. 6. 9</ls>;\n{#astaSElagahanaM nu vivasvAnAviveSa jalaDiM#}\n{#nu mahIM nu#} <ls>Ki. 9. 7</ls>; <ls n=\"Ki.\">5. 1</ls>; <ls n=\"Ki.\">8. 53</ls>,\n<ls n=\"Ki.\">9. 15</ls>, <ls n=\"Ki. 9.\">54</ls>; <ls n=\"Ki.\">13. 4</ls>; <ls>Ku. 1. 46</ls>;  \n<ls>Śi. 10. 14</ls>; <ls>Ś. 2. 9.</ls> ",
        "{@--2@} It is very often \ncompounded with the interrogative \npronoun and its derivatives in the sense\nof ‘possibly’, ‘indeed’; {#kiM#} \n{#nvetatsyAtkimanyadito'TavA#} <ls>Māl. 1. 17</ls>; {#kaTaMnu#} \n\n{#guRavadviMdeyaM kalatraM#} Dk; see {#kiMnu#} also. ",
        "{@--3@}\n<ab>Ved.</ab> Now, even now. ",
        "{@--4@} Now \ntherefore, now then, therefore. ",
        "{@--5@} Like,\nas. ",
        "{@--6@} Quickly. ",
        "{@--7@} From this time\nforward."
    ]
}