{
    "__line": 148432,
    "_ancestry": [
        "L_ 17621",
        "B_ {#pawiH --wI#}"
    ],
    "_banner": "{#pawiH --wI#}",
    "_bannerExp": [
        {
            "Right": "pawI"
        },
        {
            "Right": "pawiH"
        }
    ],
    "_gram": [
        "{%<ab>f.</ab>%}"
    ],
    "_meanings": [
        "{@--1@} The curtain of a\nstage. ",
        "{@--2@} A cloth. ",
        "{@--3@} Coarse cloth,\ncanvas. ",
        "{@--4@} A screen of cloth \nsurrounding a tent ",
        "{@--5@} A coloured \ngarment. "
    ],
    "_samasas": [
        {
            "__line": 148436,
            "_ancestry": [
                "L_ 17621",
                "B_ {#pawiH --wI#}",
                "S_  {#--kzepaH#}"
            ],
            "_banner": " {#--kzepaH#}",
            "_bannerExp": [
                {
                    "Right": "pawIkzepaH"
                },
                {
                    "Right": "pawikzepaH"
                }
            ],
            "_meanings": [
                "tossing aside\nthe curtain (of the stage); used as\na stage-direction to denote the\nhurried entrance of a character on\nthe stage; <ab>cf.</ab> {#apawIkzepa#}."
            ]
        }
    ]
}