{
    "__line": 149589,
    "_ancestry": [
        "L_ 17733",
        "B_ {#padma#}"
    ],
    "_banner": "{#padma#}",
    "_bannerExp": [
        {
            "Right": "padma"
        }
    ],
    "_gram": [
        "{%<ab>a.</ab>%}",
        "[{#pad-man#}]"
    ],
    "_meanings": [
        "Lotus-hued. "
    ],
    "_morphisms": [
        {
            "__line": 149589,
            "_ancestry": [
                "L_ 17733",
                "B_ {#padma#}",
                "M_ {#--dmaM#}"
            ],
            "_banner": "{#--dmaM#}",
            "_bannerExp": [
                {
                    "Right": "padmaM"
                }
            ],
            "_meanings": [
                "{@--1@} A lotus ({%<ab>m.</ab>%} also in this sense);\n{#padmapatrasTitaM toyaM Datte muktAPalaSriyaM#}. ",
                "{@--2@}\nA lotus-like ornament. ",
                "{@--3@} The\nform or figure of a lotus. ",
                "{@--4@} The\nroot of a lotus. ",
                "{@--5@} The coloured\nmarks on the trunk and face of an\nelephant. ",
                "{@--6@} An army arrayed in\nthe form of a lotus. ",
                "{@--7@} A particular\nhigh number (one thousand \nbillions). ",
                "{@--8@} Lead. ",
                "{@--9@} <ab>N.</ab> given by the\nTāntrikas to the six divisions of the\nupper part of the body called\n{%Cakras%}. ",
                "{@--10@} A mark or mole on\nthe human body. ",
                "{@--11@} A spot. ",
                "{@--12@}\n<ab>N.</ab> of a particular part of a column.\n"
            ]
        },
        {
            "__line": 149605,
            "_ancestry": [
                "L_ 17733",
                "B_ {#padma#}",
                "M_ {#--dmaH#}"
            ],
            "_banner": "{#--dmaH#}",
            "_bannerExp": [
                {
                    "Right": "padmaH"
                }
            ],
            "_meanings": [
                "{@--1@} A kind of temple. ",
                "{@--2@} An \nelephant. ",
                "{@--3@} A species of serpent. ",
                "{@--4@}\nAn epithet of Rāma. ",
                "{@--5@} One of the\nnine treasures of Kubera, see {#navaniDi#}.\n",
                "{@--6@} A kind of coitus or mode of\nsexual enjoyment. "
            ]
        },
        {
            "__line": 149610,
            "_ancestry": [
                "L_ 17733",
                "B_ {#padma#}",
                "M_ {#--dmA#}"
            ],
            "_banner": "{#--dmA#}",
            "_bannerExp": [
                {
                    "Right": "padmA"
                }
            ],
            "_meanings": [
                "{@--1@} <ab>N.</ab> of \nLakshmī, the goddess of fortune, and\nwife of Viṣṇu; {#(taM) padmA#} \n\n{#padmAtapatreRaBeje sAmrAjyadIkzitaM#} <ls>R. 4. 5.</ls> ",
                "{@--2@}\nCloves. "
            ]
        }
    ],
    "_samasas": [
        {
            "__line": 149615,
            "_ancestry": [
                "L_ 17733",
                "B_ {#padma#}",
                "S_  {#--akza#}"
            ],
            "_banner": " {#--akza#}",
            "_bannerExp": [
                {
                    "Right": "padmAkza"
                }
            ],
            "_gram": [
                "{%<ab>a.</ab>%}"
            ],
            "_meanings": [
                "lotuseyed. "
            ],
            "_morphisms": [
                {
                    "__line": 149616,
                    "_ancestry": [
                        "L_ 17733",
                        "B_ {#padma#}",
                        "S_  {#--akza#}",
                        "S_M_ ({#--kzaH#}"
                    ],
                    "_banner": "({#--kzaH#}",
                    "_bannerExp": [
                        {
                            "Right": "padmAkzaH"
                        }
                    ],
                    "_meanings": [
                        "an epithet of Viṣṇu\nor the sun. "
                    ]
                },
                {
                    "__line": 149617,
                    "_ancestry": [
                        "L_ 17733",
                        "B_ {#padma#}",
                        "S_  {#--akza#}",
                        "S_M_ ({#--kzaM#}"
                    ],
                    "_banner": "({#--kzaM#}",
                    "_bannerExp": [
                        {
                            "Right": "padmAkzaM"
                        }
                    ],
                    "_meanings": [
                        "the seed of a\nlotus. "
                    ]
                }
            ]
        },
        {
            "__line": 149618,
            "_ancestry": [
                "L_ 17733",
                "B_ {#padma#}",
                "S_ {#--aMtaraM --raH#}"
            ],
            "_banner": "{#--aMtaraM --raH#}",
            "_bannerExp": [
                {
                    "Right": "padmAMtaraH"
                },
                {
                    "Right": "padmAMtaraM"
                }
            ],
            "_meanings": [
                "a lotus-leaf. "
            ]
        },
        {
            "__line": 149618,
            "_ancestry": [
                "L_ 17733",
                "B_ {#padma#}",
                "S_ {#--AkaraH#}"
            ],
            "_banner": "{#--AkaraH#}",
            "_bannerExp": [
                {
                    "Right": "padmAkaraH"
                }
            ],
            "_meanings": [
                "{1} a large tank or pond abounding\nin lotuses. ",
                "{2} a pond or pool of\nwater in general. ",
                "{3} a lotus-pool. ",
                "{4}\nan assemblage of lotuses;  \n<ls>Bh. 2. 73.</ls> "
            ]
        },
        {
            "__line": 149623,
            "_ancestry": [
                "L_ 17733",
                "B_ {#padma#}",
                "S_ {#--AlayaH#}"
            ],
            "_banner": "{#--AlayaH#}",
            "_bannerExp": [
                {
                    "Right": "padmAlayaH"
                }
            ],
            "_meanings": [
                "an epithet of Brahman,\nthe creator. "
            ],
            "_morphisms": [
                {
                    "__line": 149624,
                    "_ancestry": [
                        "L_ 17733",
                        "B_ {#padma#}",
                        "S_ {#--AlayaH#}",
                        "S_M_ ({#--yA#}"
                    ],
                    "_banner": "({#--yA#}",
                    "_bannerExp": [
                        {
                            "Right": "padmAlayA"
                        }
                    ],
                    "_meanings": [
                        "{1} an epithet of\nLakṣmī. ",
                        "{2} cloves. "
                    ]
                }
            ]
        },
        {
            "__line": 149625,
            "_ancestry": [
                "L_ 17733",
                "B_ {#padma#}",
                "S_ {#--AsanaM#}"
            ],
            "_banner": "{#--AsanaM#}",
            "_bannerExp": [
                {
                    "Right": "padmAsanaM"
                }
            ],
            "_meanings": [
                "{1} a\nlotus-seat; <ls>Ku. 7. 86.</ls> ",
                "{2} a \nparticular posture in religious meditation;\n{#UrumUle vAmapAdaM punastu dakziRaM padaM .#} \n{#vAmorO sTApayitvA tu padmAsanamiti smftaM ..#}\n"
            ],
            "_morphisms": [
                {
                    "__line": 149630,
                    "_ancestry": [
                        "L_ 17733",
                        "B_ {#padma#}",
                        "S_ {#--AsanaM#}",
                        "S_M_ ({#--naH#}"
                    ],
                    "_banner": "({#--naH#}",
                    "_bannerExp": [
                        {
                            "Right": "padmAsanaH"
                        }
                    ],
                    "_meanings": [
                        "{1} an epithet of Brahman,\nthe creator. ",
                        "{2} of Śiva. ",
                        "{3} of the,\nsun. "
                    ]
                }
            ]
        },
        {
            "__line": 149632,
            "_ancestry": [
                "L_ 17733",
                "B_ {#padma#}",
                "S_ {#--AhvaM#}"
            ],
            "_banner": "{#--AhvaM#}",
            "_bannerExp": [
                {
                    "Right": "padmAhvaM"
                }
            ],
            "_meanings": [
                "cloves. "
            ]
        },
        {
            "__line": 149632,
            "_ancestry": [
                "L_ 17733",
                "B_ {#padma#}",
                "S_ {#--udBavaH#}"
            ],
            "_banner": "{#--udBavaH#}",
            "_bannerExp": [
                {
                    "Right": "padmodBavaH"
                }
            ],
            "_meanings": [
                "an \nepithet of Brahman. "
            ]
        },
        {
            "__line": 149633,
            "_ancestry": [
                "L_ 17733",
                "B_ {#padma#}",
                "S_ {#--kara, --hasta#}"
            ],
            "_banner": "{#--kara, --hasta#}",
            "_bannerExp": [
                {
                    "Right": "padmahasta"
                },
                {
                    "Right": "padmakara"
                }
            ],
            "_gram": [
                "{%<ab>a.</ab>%}"
            ],
            "_meanings": [
                "holding a lotus. "
            ],
            "_morphisms": [
                {
                    "__line": 149634,
                    "_ancestry": [
                        "L_ 17733",
                        "B_ {#padma#}",
                        "S_ {#--kara, --hasta#}",
                        "S_M_ ({#--raH, --staH#}"
                    ],
                    "_banner": "({#--raH, --staH#}",
                    "_bannerExp": [
                        {
                            "Left": "S_M_ 1 error: padmahasta ({#--raH, --staH#}"
                        },
                        {
                            "Left": "S_M_ 1 error: padmakara ({#--raH, --staH#}"
                        },
                        {
                            "Right": "padmahastaH"
                        },
                        {
                            "Right": "padmakaraH"
                        }
                    ],
                    "_meanings": [
                        "{1} an epithet\nof Viṣṇu. ",
                        "{2} a lotus-like hand.\n",
                        "{3} <ab>N.</ab> of the sun. "
                    ]
                },
                {
                    "__line": 149636,
                    "_ancestry": [
                        "L_ 17733",
                        "B_ {#padma#}",
                        "S_ {#--kara, --hasta#}",
                        "S_M_ ({#--rA, --stA#}"
                    ],
                    "_banner": "({#--rA, --stA#}",
                    "_bannerExp": [
                        {
                            "Left": "S_M_ 1 error: padmahasta ({#--rA, --stA#}"
                        },
                        {
                            "Left": "S_M_ 1 error: padmakara ({#--rA, --stA#}"
                        },
                        {
                            "Right": "padmahastA"
                        },
                        {
                            "Right": "padmakarA"
                        }
                    ],
                    "_meanings": [
                        "<ab>N.</ab> of\nLakṣmī. "
                    ]
                }
            ]
        },
        {
            "__line": 149637,
            "_ancestry": [
                "L_ 17733",
                "B_ {#padma#}",
                "S_ {#--karRikA#}"
            ],
            "_banner": "{#--karRikA#}",
            "_bannerExp": [
                {
                    "Right": "padmakarRikA"
                }
            ],
            "_meanings": [
                "{1} the pericarp\nof a lotus. ",
                "{2} the central part of\nan army arrayed in the form of a\nlotus. "
            ]
        },
        {
            "__line": 149640,
            "_ancestry": [
                "L_ 17733",
                "B_ {#padma#}",
                "S_ {#--kalikA#}"
            ],
            "_banner": "{#--kalikA#}",
            "_bannerExp": [
                {
                    "Right": "padmakalikA"
                }
            ],
            "_meanings": [
                "a lotus-bud, an \nunblown lotus. "
            ]
        },
        {
            "__line": 149641,
            "_ancestry": [
                "L_ 17733",
                "B_ {#padma#}",
                "S_ {#--kAzWaM#}"
            ],
            "_banner": "{#--kAzWaM#}",
            "_bannerExp": [
                {
                    "Right": "padmakAzWaM"
                }
            ],
            "_meanings": [
                "a fragrant wood\nused in medicine. "
            ]
        },
        {
            "__line": 149642,
            "_ancestry": [
                "L_ 17733",
                "B_ {#padma#}",
                "S_ {#--keSaraH --raM#}"
            ],
            "_banner": "{#--keSaraH --raM#}",
            "_bannerExp": [
                {
                    "Right": "padmakeSaraH"
                },
                {
                    "Right": "padmakeSaraM"
                }
            ],
            "_meanings": [
                "the\nfilament of a lotus. "
            ]
        },
        {
            "__line": 149643,
            "_ancestry": [
                "L_ 17733",
                "B_ {#padma#}",
                "S_ {#--koSaH, --kozaH#}"
            ],
            "_banner": "{#--koSaH, --kozaH#}",
            "_bannerExp": [
                {
                    "Right": "padmakoSaH"
                },
                {
                    "Right": "padmakozaH"
                }
            ],
            "_meanings": [
                "{1}\nthe calyx of a lotus. ",
                "{2} a position\nof the fingers resembling the calyx\nof a lotus. "
            ]
        },
        {
            "__line": 149646,
            "_ancestry": [
                "L_ 17733",
                "B_ {#padma#}",
                "S_ {#--KaMqaM, --zaMqaM#}"
            ],
            "_banner": "{#--KaMqaM, --zaMqaM#}",
            "_bannerExp": [
                {
                    "Right": "padmaKaMqaM"
                },
                {
                    "Right": "padmazaMqaM"
                }
            ],
            "_meanings": [
                "a multitude of\nlotuses. "
            ]
        },
        {
            "__line": 149647,
            "_ancestry": [
                "L_ 17733",
                "B_ {#padma#}",
                "S_ {#--gaMDa, gaMDi#}"
            ],
            "_banner": "{#--gaMDa, gaMDi#}",
            "_bannerExp": [
                {
                    "Right": "padmagaMDa"
                },
                {
                    "Right": "padmagaMDi"
                }
            ],
            "_gram": [
                "{%<ab>a.</ab>%}"
            ],
            "_meanings": [
                "lotus-scented,\nor as fragrant as or smelling like a\nlotus. "
            ],
            "_morphisms": [
                {
                    "__line": 149649,
                    "_ancestry": [
                        "L_ 17733",
                        "B_ {#padma#}",
                        "S_ {#--gaMDa, gaMDi#}",
                        "S_M_ ({#--DaM, --gaMDi#}"
                    ],
                    "_banner": "({#--DaM, --gaMDi#}",
                    "_bannerExp": [
                        {
                            "Right": "padmagaMDaM"
                        },
                        {
                            "Right": "padmagaMDi"
                        }
                    ],
                    "_gram": [
                        "{%<ab>n.</ab>%}"
                    ],
                    "_meanings": [
                        "= {#padmakAzWa#} <ab>q. v.</ab>\n"
                    ]
                }
            ]
        },
        {
            "__line": 149650,
            "_ancestry": [
                "L_ 17733",
                "B_ {#padma#}",
                "S_ {#--garBaH#}"
            ],
            "_banner": "{#--garBaH#}",
            "_bannerExp": [
                {
                    "Right": "padmagarBaH"
                }
            ],
            "_meanings": [
                "{1} an epithet of Brahman. ",
                "{2}\nof Viṣṇu. ",
                "{3} of Śiva. ",
                "{4} the sun.\n",
                "{5} the inside or middle of a lotus.\n"
            ]
        },
        {
            "__line": 149653,
            "_ancestry": [
                "L_ 17733",
                "B_ {#padma#}",
                "S_ {#--guRA, --gfhA#}"
            ],
            "_banner": "{#--guRA, --gfhA#}",
            "_bannerExp": [
                {
                    "Right": "padmagfhA"
                },
                {
                    "Right": "padmaguRA"
                }
            ],
            "_meanings": [
                "{1} an epithet of \nLakshmī, the goddess of wealth. ",
                "{2}\ncloves. "
            ]
        },
        {
            "__line": 149655,
            "_ancestry": [
                "L_ 17733",
                "B_ {#padma#}",
                "S_ {#--jaH, --jAta, --BavaH, --BUH, --yoniH#},\n{#saMBavaH#}"
            ],
            "_banner": "{#--jaH, --jAta, --BavaH, --BUH, --yoniH#},\n{#saMBavaH#}",
            "_bannerExp": [
                {
                    "Left": "S error: 1 syl BavaH BUH"
                },
                {
                    "Right": "padmaBavaH"
                },
                {
                    "Right": "padmajAta"
                },
                {
                    "Right": "padmajaH"
                },
                {
                    "Right": "padmasaMBavaH"
                },
                {
                    "Right": "padmayoniH"
                }
            ],
            "_meanings": [
                "epithets of Brahman, the \nlotusborn god. "
            ]
        },
        {
            "__line": 149657,
            "_ancestry": [
                "L_ 17733",
                "B_ {#padma#}",
                "S_ {#--taMtuH#}"
            ],
            "_banner": "{#--taMtuH#}",
            "_bannerExp": [
                {
                    "Right": "padmataMtuH"
                }
            ],
            "_meanings": [
                "the fibrous stalk\nof a lotus. "
            ]
        },
        {
            "__line": 149658,
            "_ancestry": [
                "L_ 17733",
                "B_ {#padma#}",
                "S_ {#--nABaH, --BiH#}"
            ],
            "_banner": "{#--nABaH, --BiH#}",
            "_bannerExp": [
                {
                    "Right": "padmanABaH"
                },
                {
                    "Right": "padmanABiH"
                }
            ],
            "_meanings": [
                "an epithet of\nViṣṇu. "
            ]
        },
        {
            "__line": 149659,
            "_ancestry": [
                "L_ 17733",
                "B_ {#padma#}",
                "S_ {#--nAlaM#}"
            ],
            "_banner": "{#--nAlaM#}",
            "_bannerExp": [
                {
                    "Right": "padmanAlaM"
                }
            ],
            "_meanings": [
                "a lotus-stalk.  \n"
            ]
        },
        {
            "__line": 149660,
            "_ancestry": [
                "L_ 17733",
                "B_ {#padma#}",
                "S_ {#--niDiH#}"
            ],
            "_banner": "{#--niDiH#}",
            "_bannerExp": [
                {
                    "Right": "padmaniDiH"
                }
            ],
            "_meanings": [
                "a treasure of the value of a\n{%Padma%}. "
            ]
        },
        {
            "__line": 149661,
            "_ancestry": [
                "L_ 17733",
                "B_ {#padma#}",
                "S_ {#--pARiH#}"
            ],
            "_banner": "{#--pARiH#}",
            "_bannerExp": [
                {
                    "Right": "padmapARiH"
                }
            ],
            "_meanings": [
                "{1} an epithet of\nBrahman. ",
                "{2} <ab>N.</ab> of Buddha. ",
                "{3} <ab>N.</ab>\nof the sun. ",
                "{4} of Viṣṇu. "
            ]
        },
        {
            "__line": 149663,
            "_ancestry": [
                "L_ 17733",
                "B_ {#padma#}",
                "S_ {#--puzpaH#}"
            ],
            "_banner": "{#--puzpaH#}",
            "_bannerExp": [
                {
                    "Right": "padmapuzpaH"
                }
            ],
            "_meanings": [
                "the Karṇikāra plant. "
            ]
        },
        {
            "__line": 149664,
            "_ancestry": [
                "L_ 17733",
                "B_ {#padma#}",
                "S_ {#--baMDaH#}"
            ],
            "_banner": "{#--baMDaH#}",
            "_bannerExp": [
                {
                    "Right": "padmabaMDaH"
                }
            ],
            "_meanings": [
                "a kind\nof artificial composition in which\nthe words are arranged in the form of\na lotus-flower; see <ls>K. P. 9</ls> {%ad loc.%}\n"
            ]
        },
        {
            "__line": 149668,
            "_ancestry": [
                "L_ 17733",
                "B_ {#padma#}",
                "S_ {#--baMDuH#}"
            ],
            "_banner": "{#--baMDuH#}",
            "_bannerExp": [
                {
                    "Right": "padmabaMDuH"
                }
            ],
            "_meanings": [
                "{1} the sun. ",
                "{2} a bee. "
            ]
        },
        {
            "__line": 149668,
            "_ancestry": [
                "L_ 17733",
                "B_ {#padma#}",
                "S_ {#--bIjaM#}"
            ],
            "_banner": "{#--bIjaM#}",
            "_bannerExp": [
                {
                    "Right": "padmabIjaM"
                }
            ],
            "_meanings": [
                "the seed of a lotus. "
            ]
        },
        {
            "__line": 149669,
            "_ancestry": [
                "L_ 17733",
                "B_ {#padma#}",
                "S_ {#--BAsaH#}"
            ],
            "_banner": "{#--BAsaH#}",
            "_bannerExp": [
                {
                    "Right": "padmaBAsaH"
                }
            ],
            "_meanings": [
                "an \nepithet of Śiva. "
            ]
        },
        {
            "__line": 149670,
            "_ancestry": [
                "L_ 17733",
                "B_ {#padma#}",
                "S_ {#--mAlinI#}"
            ],
            "_banner": "{#--mAlinI#}",
            "_bannerExp": [
                {
                    "Right": "padmamAlinI"
                }
            ],
            "_meanings": [
                "the goddess \n\nof wealth. "
            ]
        },
        {
            "__line": 149672,
            "_ancestry": [
                "L_ 17733",
                "B_ {#padma#}",
                "S_ {#--rAgaH, --gaM#}"
            ],
            "_banner": "{#--rAgaH, --gaM#}",
            "_bannerExp": [
                {
                    "Right": "padmarAgaH"
                },
                {
                    "Right": "padmarAgaM"
                }
            ],
            "_meanings": [
                "a ruby;  \n<ls>R. 13. 53</ls>; <ls n=\"R.\">17. 23</ls>; <ls>Ku. 3. 53.</ls> "
            ]
        },
        {
            "__line": 149673,
            "_ancestry": [
                "L_ 17733",
                "B_ {#padma#}",
                "S_ {#--rUpA#}"
            ],
            "_banner": "{#--rUpA#}",
            "_bannerExp": [
                {
                    "Right": "padmarUpA"
                }
            ],
            "_meanings": [
                "an\nepithet of the goddess of wealth.\n"
            ]
        },
        {
            "__line": 149675,
            "_ancestry": [
                "L_ 17733",
                "B_ {#padma#}",
                "S_ {#--reKA#}"
            ],
            "_banner": "{#--reKA#}",
            "_bannerExp": [
                {
                    "Right": "padmareKA"
                }
            ],
            "_meanings": [
                "a figure on the palm of the\nhand (of the form of a lotus-flower)\nwhich indicates the acquisition of\ngreat wealth. "
            ]
        },
        {
            "__line": 149678,
            "_ancestry": [
                "L_ 17733",
                "B_ {#padma#}",
                "S_ {#--lAMCanaH#}"
            ],
            "_banner": "{#--lAMCanaH#}",
            "_bannerExp": [
                {
                    "Right": "padmalAMCanaH"
                }
            ],
            "_meanings": [
                "{1} an epithet\nof Brahman. ",
                "{2} Kubera. ",
                "{3} the sun.\n",
                "{4} a king. "
            ],
            "_morphisms": [
                {
                    "__line": 149680,
                    "_ancestry": [
                        "L_ 17733",
                        "B_ {#padma#}",
                        "S_ {#--lAMCanaH#}",
                        "S_M_ ({#--nA#}"
                    ],
                    "_banner": "({#--nA#}",
                    "_bannerExp": [
                        {
                            "Right": "padmalAMCanA"
                        }
                    ],
                    "_meanings": [
                        "{1} an epithet\nof Lakṣmī, the goddess of wealth.\n",
                        "{2} or of Sarasvatī, the goddess of\nlearning. ",
                        "{3} <ab>N.</ab> of Tārā. "
                    ]
                }
            ]
        },
        {
            "__line": 149683,
            "_ancestry": [
                "L_ 17733",
                "B_ {#padma#}",
                "S_ {#--vAsA#}"
            ],
            "_banner": "{#--vAsA#}",
            "_bannerExp": [
                {
                    "Right": "padmavAsA"
                }
            ],
            "_meanings": [
                "an\nepithet of Lakṣmī. "
            ]
        },
        {
            "__line": 149684,
            "_ancestry": [
                "L_ 17733",
                "B_ {#padma#}",
                "S_ {#--samAsanaH#}"
            ],
            "_banner": "{#--samAsanaH#}",
            "_bannerExp": [
                {
                    "Right": "padmasamAsanaH"
                }
            ],
            "_meanings": [
                "an\nepithet of Brahman. "
            ]
        },
        {
            "__line": 149685,
            "_ancestry": [
                "L_ 17733",
                "B_ {#padma#}",
                "S_ {#--snuzA#}"
            ],
            "_banner": "{#--snuzA#}",
            "_bannerExp": [
                {
                    "Right": "padmasnuzA"
                }
            ],
            "_meanings": [
                "{1} an\nepithet of Gaṅgā. ",
                "{2} of Lakṣmī.\n",
                "{3} of Durgā. "
            ]
        },
        {
            "__line": 149687,
            "_ancestry": [
                "L_ 17733",
                "B_ {#padma#}",
                "S_ {#--hAsaH#}"
            ],
            "_banner": "{#--hAsaH#}",
            "_bannerExp": [
                {
                    "Right": "padmahAsaH"
                }
            ],
            "_meanings": [
                "an epithet of\nViṣṇu."
            ]
        }
    ]
}