{
    "__line": 153767,
    "_ancestry": [
        "L_ 18307",
        "B_ {#parizvaMgaH, parizvaM(svaM)janaM#}"
    ],
    "_banner": "{#parizvaMgaH, parizvaM(svaM)janaM#}",
    "_bannerExp": [
        {
            "Right": "parisvaMjanaM"
        },
        {
            "Right": "parizvaMgaH"
        },
        {
            "Right": "parizvaMjanaM"
        }
    ],
    "_meanings": [
        "or  \n{#parizvajanaM#} ",
        "{@--1@} An embrace; <ls>Ki. 18. 19</ls>;  \n<ls>H. 3. 67.</ls> ",
        "{@--2@} Touch, contact, union;  \n<ls>Bh. 3. 17</ls>; <ls>Māl. 10. 3.</ls>"
    ]
}