{
    "__line": 155727,
    "_ancestry": [
        "L_ 18583",
        "B_ {#pAMcayajYika#}"
    ],
    "_banner": "{#pAMcayajYika#}",
    "_bannerExp": [
        {
            "Right": "pAMcayajYikI"
        },
        {
            "Right": "pAMcayajYika"
        }
    ],
    "_gram": [
        "{%<ab>a.</ab>%}",
        "({#kI#}|{%<ab>f.</ab>%})"
    ],
    "_meanings": [
        "Belonging to the five great sacrifices. "
    ],
    "_morphisms": [
        {
            "__line": 155728,
            "_ancestry": [
                "L_ 18583",
                "B_ {#pAMcayajYika#}",
                "M_ {#--kaM#}"
            ],
            "_banner": "{#--kaM#}",
            "_bannerExp": [
                {
                    "Right": "pAMcayajYikaM"
                }
            ],
            "_meanings": [
                "Any one of the five great sacrifices."
            ]
        }
    ]
}