{
    "__line": 156208,
    "_ancestry": [
        "L_ 18645",
        "B_ {#pAtakaH --kaM#}"
    ],
    "_banner": "{#pAtakaH --kaM#}",
    "_bannerExp": [
        {
            "Right": "pAtakaH"
        },
        {
            "Right": "pAtakaM"
        }
    ],
    "_gram": [
        "[{#pAtayati naraM, pat-Rvul#}]"
    ],
    "_meanings": [
        "Sin, crime; (Hindu law-givers\nenumerate five great sins:-- {#brahmahatyA#}\n{#sarApAnaM steyaM gurvaganAgamaH . mahAMti pAtakAnyAhuH#}\n{#sasargaScApi tEssaha#} <ls>Ms. 11. 55</ls>)."
    ]
}