{
    "__line": 156741,
    "_ancestry": [
        "L_ 18700",
        "B_ {#pApman#}"
    ],
    "_banner": "{#pApman#}",
    "_bannerExp": [
        {
            "Right": "pApman"
        }
    ],
    "_gram": [
        "{%<ab>a.</ab>%}"
    ],
    "_meanings": [
        "{@--1@} Hurtful, injurious. ",
        "{@--2@}\nSinful. "
    ],
    "_morphisms": [
        {
            "__line": 156742,
            "_ancestry": [
                "L_ 18700",
                "B_ {#pApman#}",
                "M_ {%--<ab>m.</ab>%}"
            ],
            "_bannerExp": [
                {
                    "Right": "pApman"
                }
            ],
            "_gram": [
                "{%--<ab>m.</ab>%}"
            ],
            "_meanings": [
                "{@--1@} Sin, crime, \nwickedness, guilt; {#mayA gfhItanAmAnaH spfSyaMta#}\n{#iva pApmanA#} <ls>U. 1. 48</ls>; <ls n=\"U.\">7. 20</ls>;  \n<ls>Māl. 5. 26</ls>; <ls>Ms. 6. 85.</ls> ",
                "{@--2@} Evil, bad \nfortune or state."
            ]
        }
    ]
}