{
    "__line": 158771,
    "_ancestry": [
        "L_ 18995",
        "B_ {#pipIlikaH#}"
    ],
    "_banner": "{#pipIlikaH#}",
    "_bannerExp": [
        {
            "Right": "pipIlikaH"
        }
    ],
    "_meanings": [
        "An ant. "
    ],
    "_morphisms": [
        {
            "__line": 158771,
            "_ancestry": [
                "L_ 18995",
                "B_ {#pipIlikaH#}",
                "M_ {#--kaM#}"
            ],
            "_banner": "{#--kaM#}",
            "_bannerExp": [
                {
                    "Right": "pipIlikaM"
                }
            ],
            "_meanings": [
                "A kind\nof gold (said to be collected by ants)."
            ]
        }
    ]
}