{
    "__line": 160315,
    "_ancestry": [
        "L_ 19146",
        "B_ {#purARa#}"
    ],
    "_banner": "{#purARa#}",
    "_bannerExp": [
        {
            "Right": "purARI"
        },
        {
            "Right": "purARa"
        }
    ],
    "_gram": [
        "{%<ab>a.</ab>%}",
        "({#RA#}|{#RI#}|{%<ab>f.</ab>%})",
        "[{#purA navaM#}\n<ls>Nir.</ls>]"
    ],
    "_meanings": [
        "{@--1@} Old, ancient, belonging to\nolden times: {#purARamityeva na sADu sarvaM na#}\n{#cApi kAvyaM navamityavadyaM#} <ls>M. 1. 2</ls>;\n{#purARapatrApagamAdanaMtaraM#} <ls>R. 3. 7.</ls> ",
        "{@--2@}\nAged, primeval; {#ajo nityaH#} \n{#SASvatoyaM purARaH#} <ls>Bg. 2. 20.</ls> ",
        "{@--3@} Decayed,\nworn out. "
    ],
    "_morphisms": [
        {
            "__line": 160322,
            "_ancestry": [
                "L_ 19146",
                "B_ {#purARa#}",
                "M_ {#--RaM#}"
            ],
            "_banner": "{#--RaM#}",
            "_bannerExp": [
                {
                    "Right": "purARaM"
                }
            ],
            "_meanings": [
                "{@--1@} A past event or\noccurrence. ",
                "{@--2@} A tale of the past,\nlegend, ancient or legendary \nhistory. ",
                "{@--3@} <ab>N.</ab> of certain well-known\nsacred works; these are 19; they\nare supposed to have been \ncomposed by Vyāsa, and contain the whole\nbody of Hindu mythology. A\nPurāṇa treats of five topics (or  \n{#lakzaRAni#}), and is hence often called\n{#paMcalakzaRa; sargaSca pratisargaSca vaMSo#} \n{#manvaMtarARi ca . vaMSAnucaritaM cEva purARaM#} \n{#paMcalakzaRaM ..#}. For the names of the 18 \nPurāṇas see under {#azwAdaSan#}. "
            ]
        },
        {
            "__line": 160335,
            "_ancestry": [
                "L_ 19146",
                "B_ {#purARa#}",
                "M_ {#--RaH#}"
            ],
            "_banner": "{#--RaH#}",
            "_bannerExp": [
                {
                    "Right": "purARaH"
                }
            ],
            "_meanings": [
                "A coin\nequal to 80 cowries. "
            ]
        }
    ],
    "_samasas": [
        {
            "__line": 160336,
            "_ancestry": [
                "L_ 19146",
                "B_ {#purARa#}",
                "S_  {#--aMtaH#}"
            ],
            "_banner": " {#--aMtaH#}",
            "_bannerExp": [
                {
                    "Right": "purARAMtaH"
                }
            ],
            "_meanings": [
                "an epithet of Yama. "
            ]
        },
        {
            "__line": 160337,
            "_ancestry": [
                "L_ 19146",
                "B_ {#purARa#}",
                "S_ {#--ukta#}"
            ],
            "_banner": "{#--ukta#}",
            "_bannerExp": [
                {
                    "Right": "purARokta"
                }
            ],
            "_gram": [
                "{%<ab>a.</ab>%}"
            ],
            "_meanings": [
                "enjoined by or laid down in the\nPurāṇas. "
            ]
        },
        {
            "__line": 160339,
            "_ancestry": [
                "L_ 19146",
                "B_ {#purARa#}",
                "S_ {#--kalpaH#}"
            ],
            "_banner": "{#--kalpaH#}",
            "_bannerExp": [
                {
                    "Right": "purARakalpaH"
                }
            ],
            "_meanings": [
                "= {#purAkalpa#} <ab>q. v.</ab> "
            ]
        },
        {
            "__line": 160339,
            "_ancestry": [
                "L_ 19146",
                "B_ {#purARa#}",
                "S_ {#--gaH#}"
            ],
            "_banner": "{#--gaH#}",
            "_bannerExp": [
                {
                    "Right": "purARagaH"
                }
            ],
            "_meanings": [
                "{1} \n\nan epithet of Brahman. ",
                "{2} a \nreciter or reader of the Purāṇas.\n"
            ]
        },
        {
            "__line": 160343,
            "_ancestry": [
                "L_ 19146",
                "B_ {#purARa#}",
                "S_ {#--puruzaH#}"
            ],
            "_banner": "{#--puruzaH#}",
            "_bannerExp": [
                {
                    "Right": "purARapuruzaH"
                }
            ],
            "_meanings": [
                "{1} an epithet of Viṣṇu.\n",
                "{2} an old man; {#yadvadaMti capaletyapavAdaM#}\n{#tanna dUzaRamaho capalAyAH . doza eza jalaDeH#}\n{#piturasyA yatpurARapuruzAya dadO tAM#} \n<ls>Subhāṣ.</ls> (where both senses are \nintended)."
            ]
        }
    ]
}