{
    "__line": 162989,
    "_ancestry": [
        "L_ 19453",
        "B_ {#pOrRamAsa#}"
    ],
    "_banner": "{#pOrRamAsa#}",
    "_bannerExp": [
        {
            "Right": "pOrRamAsI"
        },
        {
            "Right": "pOrRamAsa"
        }
    ],
    "_gram": [
        "{%<ab>a.</ab>%}",
        "({#sI#}|{%<ab>f.</ab>%})"
    ],
    "_meanings": [
        "Relating\nto the full moon. "
    ],
    "_morphisms": [
        {
            "__line": 162990,
            "_ancestry": [
                "L_ 19453",
                "B_ {#pOrRamAsa#}",
                "M_ {#--saH#}"
            ],
            "_banner": "{#--saH#}",
            "_bannerExp": [
                {
                    "Right": "pOrRamAsaH"
                }
            ],
            "_meanings": [
                "A ceremony\nperformed on the full moon day by\none who maintains the sacred fire\n({#agnihAtrin#}). "
            ]
        },
        {
            "__line": 162993,
            "_ancestry": [
                "L_ 19453",
                "B_ {#pOrRamAsa#}",
                "M_ {#--saM#}"
            ],
            "_banner": "{#--saM#}",
            "_bannerExp": [
                {
                    "Right": "pOrRamAsaM"
                }
            ],
            "_meanings": [
                "A day of full moon."
            ]
        }
    ]
}