{
    "__line": 163422,
    "_ancestry": [
        "L_ 19516",
        "B_ {#prakopaH#}"
    ],
    "_banner": "{#prakopaH#}",
    "_bannerExp": [
        {
            "Right": "prakopaH"
        }
    ],
    "_meanings": [
        "{@--1@} Wrath, fury, rage, \nviolent anger. ",
        "{@--2@} Great excitement;\nprovocation, irritation; {#upadeSo hi#} \n{#mUrKARAM prakopAya na SAMtaye#} <ls>Pt. 1. 389.</ls>\n",
        "{@--3@} Insurrection, rebellion, mutiny;\nas in {#prakfti°#} popular disturbance. ",
        "{@--4@}\nAn attack. ",
        "{@--5@} (<ab>Medic.</ab>) Excess,\nsuperabundance."
    ]
}