{
    "__line": 163740,
    "_ancestry": [
        "L_ 19541",
        "B_ {#prakIrRaka#}"
    ],
    "_banner": "{#prakIrRaka#}",
    "_bannerExp": [
        {
            "Right": "prakIrRaka"
        }
    ],
    "_gram": [
        "{%<ab>a.</ab>%}"
    ],
    "_meanings": [
        "Scattered or strewn\nabout &c. "
    ],
    "_morphisms": [
        {
            "__line": 163741,
            "_ancestry": [
                "L_ 19541",
                "B_ {#prakIrRaka#}",
                "M_ {#--kaH --ka#}"
            ],
            "_banner": "{#--kaH --ka#}",
            "_bannerExp": [
                {
                    "Right": "prakIrRaka"
                },
                {
                    "Right": "prakIrRakaH"
                }
            ],
            "_meanings": [
                "{@--1@} A chowrie, \nflyflap ({#cAmara#}); <ls>Śi. 12. 17.</ls> ",
                "{@--2@} A tuft\nof hair used as an ornament for\nhorses. "
            ]
        },
        {
            "__line": 163744,
            "_ancestry": [
                "L_ 19541",
                "B_ {#prakIrRaka#}",
                "M_ {#--kaH#}"
            ],
            "_banner": "{#--kaH#}",
            "_bannerExp": [
                {
                    "Right": "prakIrRakaH"
                }
            ],
            "_meanings": [
                "A horse. "
            ]
        },
        {
            "__line": 163744,
            "_ancestry": [
                "L_ 19541",
                "B_ {#prakIrRaka#}",
                "M_ {#--kaM#}"
            ],
            "_banner": "{#--kaM#}",
            "_bannerExp": [
                {
                    "Right": "prakIrRakaM"
                }
            ],
            "_meanings": [
                "{@--1@} A \nmiscellany, any collection of \nmiscellaneous things. ",
                "{@--2@} A miscellaneous\nchapter. ",
                "{@--3@} A section, chapter or\ndivision of a book. ",
                "{@--4@} A case not\nprovided by the Śāstras and to be\ndecided by the judge or king. ",
                "{@--5@}\nExtent, length (of a book &c.)."
            ]
        }
    ]
}