{
    "__line": 19365,
    "_ancestry": [
        "L_ 1966",
        "B_ {#anuzwuB#}"
    ],
    "_banner": "{#anuzwuB#}",
    "_bannerExp": [
        {
            "Right": "anuzwuB"
        }
    ],
    "_gram": [
        "{%<ab>f.</ab>%}",
        "[{#anu niraMtaraM stuByate'nayA#}\n{#anuzwup vAk#}]"
    ],
    "_meanings": [
        "{@--1@} Following in praise;\nspeech. ",
        "{@--2@} Sarasvatī. ",
        "{@--3@} <ab>N.</ab> of a\nclass of metres consisting of four\nPādas of {8} syllables each, the whole\nstanza consisting of 32 syllables (so\ncalled because it follows with its\npraise {%<ab>i. e.</ab>%} {#anuzwoBati#} the gāyatrī, which\nhas {3} Pādas), {#anuzwoBanAdanuzwup#}. In later\nmetrical systems it stands as a \ngeneral name for all metres which have\n{8} syllables in each foot (the highest\npossible number being computed to\nbe 256); {#paMcamaM laGu sarvatra saptamaM dvicaturTayoH .#}\n{#guru zazWaM ca pAdAnAM Sezezvaniyamo mataH ..#} which\nrule is sometimes violated."
    ]
}