{
    "__line": 164660,
    "_ancestry": [
        "L_ 19687",
        "B_ {#pracyu#}"
    ],
    "_banner": "{#pracyu#}",
    "_bannerExp": [
        {
            "Right": "pracyu"
        }
    ],
    "_gram": [
        "{c1c}",
        "<ab>A.</ab>"
    ],
    "_meanings": [
        "{@--1@} To move away, go\naway, withdraw, retreat. ",
        "{@--2@} To fall\noff from, drop down, fall down. ",
        "{@--3@}\nTo forsake, abandon (as religion).\n",
        "{@--4@} To be ejected or driven, be \ndislodged, be deprived of, lose (with\n<ab>abl.</ab>). ",
        "{@--5@} To flow out, stream forth.\n",
        "{@--6@} To drive, urge on. "
    ],
    "_morphisms": [
        {
            "__line": 164667,
            "_ancestry": [
                "L_ 19687",
                "B_ {#pracyu#}",
                "M_ {%--<ab>Caus.</ab>%}"
            ],
            "_bannerExp": [
                {
                    "Right": "pracyu"
                }
            ],
            "_gram": [
                "{%--<ab>Caus.</ab>%}"
            ],
            "_meanings": [
                "{@--1@} To\nmove, shake. ",
                "{@--2@} To displace, \ndislodge, eject, expel. ",
                "{@--3@} To cause to\nfall, ruin."
            ]
        }
    ]
}