{
    "__line": 165966,
    "_ancestry": [
        "L_ 19812",
        "B_ {#prati(tI)kAraH#}"
    ],
    "_banner": "{#prati(tI)kAraH#}",
    "_bannerExp": [
        {
            "Right": "pratIkAraH"
        },
        {
            "Right": "pratikAraH"
        }
    ],
    "_meanings": [
        "{@--1@} Requital, reward,\nreturn. ",
        "{@--2@} Revenge, retaliation, \nretribution. ",
        "{@--3@} Counter-action, \nobviating, prevention, remedy, \napplication of a remedy; {#vikAraM KaMlu#} \n{#paramArTato'jYAtvA'nAraMBaH pratIkArasya#} <ls>Ś. 3</ls>;  \n{#pratIkAro vyADeH suKamiti viparyasyati#}\n{#janaH#} <ls>Bh. 3. 92.</ls> ",
        "{@--4@} Opposition,\nobstruction. ",
        "{@--5@} Help. ",
        "{@--6@} A kind of\ntreaty where one party requites the\nservices of the other. "
    ],
    "_samasas": [
        {
            "__line": 165976,
            "_ancestry": [
                "L_ 19812",
                "B_ {#prati(tI)kAraH#}",
                "S_   \n{#--karman#}"
            ],
            "_banner": "  \n{#--karman#}",
            "_bannerExp": [
                {
                    "Right": "pratIkArakarman"
                },
                {
                    "Right": "pratikArakarman"
                }
            ],
            "_gram": [
                "{%<ab>n.</ab>%}"
            ],
            "_meanings": [
                "making reparation or amends.\n"
            ]
        },
        {
            "__line": 165978,
            "_ancestry": [
                "L_ 19812",
                "B_ {#prati(tI)kAraH#}",
                "S_ {#--viDAnaM#}"
            ],
            "_banner": "{#--viDAnaM#}",
            "_bannerExp": [
                {
                    "Right": "pratIkAraviDAnaM"
                },
                {
                    "Right": "pratikAraviDAnaM"
                }
            ],
            "_meanings": [
                "application of a remedy,\nmedical treatment;  \n{#pratikAraviDAnamAyuzaH sati Seze hi PalAya kalpate#}  \n<ls>R. 8. 40.</ls>"
            ]
        }
    ]
}