{
    "__line": 166170,
    "_ancestry": [
        "L_ 19845",
        "B_ {#pratiGAtaka, --GAtin#}"
    ],
    "_banner": "{#pratiGAtaka, --GAtin#}",
    "_bannerExp": [
        {
            "Right": "pratiGAtaka"
        },
        {
            "Right": "pratiGAtin"
        }
    ],
    "_gram": [
        "{%<ab>a.</ab>%}"
    ],
    "_meanings": [
        "{@--1@} Hostile, \ninimical, opposed to. ",
        "{@--2@} Interrupting,\nobstructing; <ls>U. 5. 29.</ls> {%<ab>v. l.</ab>%} ",
        "{@--3@} \nRepelling, warding off. ",
        "{@--4@} \nEncroaching upon, disturbing. ",
        "{@--5@} Reacting.\n",
        "{@--6@} Dazzling; <ls>Ku. 5. 20.</ls>"
    ]
}