{
    "__line": 166454,
    "_ancestry": [
        "L_ 19900",
        "B_ {#pratinivizwa#}"
    ],
    "_banner": "{#pratinivizwa#}",
    "_bannerExp": [
        {
            "Right": "pratinivizwa"
        }
    ],
    "_gram": [
        "{%<ab>a.</ab>%}"
    ],
    "_meanings": [
        "Perverse, \nobstinate, hardened. "
    ],
    "_samasas": [
        {
            "__line": 166455,
            "_ancestry": [
                "L_ 19900",
                "B_ {#pratinivizwa#}",
                "S_  {#--mUrKaH#}"
            ],
            "_banner": " {#--mUrKaH#}",
            "_bannerExp": [
                {
                    "Right": "pratinivizwamUrKaH"
                }
            ],
            "_meanings": [
                "a\nperverse fool, confirmed blockhead;\n{#na tu pratinivizwamUrKajanacittamArADayet#}  \n<ls>Bh. 2. 5.</ls>"
            ]
        }
    ]
}