{
    "__line": 166888,
    "_ancestry": [
        "L_ 19957",
        "B_ {#pratiboDaH#}"
    ],
    "_banner": "{#pratiboDaH#}",
    "_bannerExp": [
        {
            "Right": "pratiboDaH"
        }
    ],
    "_meanings": [
        "{@--1@} Waking, awaking, \nbeing awakened; {#tadapohitumarhasi priye#} \n{#pratiboDena vizAdamASu me#} <ls>R. 8. 54</ls>;  \n{#apratiboDaSAyinI#} <ls n=\"R. 8.\">58</ls> ‘sleeping not to wake\nagain’; <ls>Ki. 6. 12</ls>; <ls n=\"Ki.\">12. 48.</ls>\n",
        "{@--2@} Perception, knowledge. ",
        "{@--3@} \nInstruction. ",
        "{@--4@} Reason, \nreasoning faculty; {#kimuta yAH#} \n{#pratiboDavatyaH#} <ls>Ś. 5. 22.</ls> ",
        "{@--5@} Recollection;\n{#saMmohaH Kalu vismayanIyo na pratiboDaH#}\n<ls>Ś. 6.</ls>"
    ]
}