{
    "__line": 167412,
    "_ancestry": [
        "L_ 20047",
        "B_ {#pratiSAsanaM#}"
    ],
    "_banner": "{#pratiSAsanaM#}",
    "_bannerExp": [
        {
            "Right": "pratiSAsanaM"
        }
    ],
    "_meanings": [
        "{@--1@} Giving orders, \nsending on an errand, ordering. ",
        "{@--2@} \nOrdering or despatching an inferior\nafter calling him to attend. ",
        "{@--3@} \nCounter-manding. ",
        "{@--4@} A rival command\nor authority; {#apratiSAsanaM jagat#}  \n<ls>R. 8. 27</ls> ‘completely under the sway\nof one ruler’."
    ]
}