{
    "__line": 168083,
    "_ancestry": [
        "L_ 20155",
        "B_ {#pratud#}"
    ],
    "_banner": "{#pratud#}",
    "_bannerExp": [
        {
            "Right": "pratud"
        }
    ],
    "_gram": [
        "{c6c}",
        "<ab>P.</ab>"
    ],
    "_meanings": [
        "To strike, hurt,\nwound. "
    ],
    "_morphisms": [
        {
            "__line": 168084,
            "_ancestry": [
                "L_ 20155",
                "B_ {#pratud#}",
                "M_ {%--<ab>Caus.</ab>%}"
            ],
            "_bannerExp": [
                {
                    "Right": "pratud"
                }
            ],
            "_gram": [
                "{%--<ab>Caus.</ab>%}"
            ],
            "_meanings": [
                "{@--1@} To urge on, drive\nforward; (<ab>fig.</ab>) to press, urge \nrepeatedly (to do a thing); {#praviSa gfhamiti#} \n{#pratodyaptAnA na calati BAgyakftAM daSAmavekzya#}\n<ls>Mk. 1. 56.</ls> ",
                "{@--2@} To pierce, cut."
            ]
        }
    ]
}