{
    "__line": 168994,
    "_ancestry": [
        "L_ 20293",
        "B_ {#pradakziRa#}"
    ],
    "_banner": "{#pradakziRa#}",
    "_bannerExp": [
        {
            "Right": "pradakziRa"
        }
    ],
    "_gram": [
        "{%<ab>a.</ab>%}"
    ],
    "_meanings": [
        "{@--1@} Being placed or\nstanding on the right, moving to\nthe right. ",
        "{@--2@} Respectful, \nreverential. ",
        "{@--3@} Auspicious, of good omen.\n"
    ],
    "_morphisms": [
        {
            "__line": 168998,
            "_ancestry": [
                "L_ 20293",
                "B_ {#pradakziRa#}",
                "M_ {#--RaH, --RA, --RaM#}"
            ],
            "_banner": "{#--RaH, --RA, --RaM#}",
            "_bannerExp": [
                {
                    "Right": "pradakziRA"
                },
                {
                    "Right": "pradakziRaH"
                },
                {
                    "Right": "pradakziRaM"
                }
            ],
            "_meanings": [
                "Circumambulation\nfrom left to right, so that the right\nside is always turned towards the\nperson or object circumambulated, a\nreverential salutation made by \nwalking in this manner; <ls>Ku. 7. 79</ls>;\n<ls>Y. 1. 232.</ls> "
            ]
        },
        {
            "__line": 169004,
            "_ancestry": [
                "L_ 20293",
                "B_ {#pradakziRa#}",
                "M_ {#--RaM#}"
            ],
            "_banner": "{#--RaM#}",
            "_bannerExp": [
                {
                    "Right": "pradakziRaM"
                }
            ],
            "_gram": [
                "{%<ab>ind.</ab>%}"
            ],
            "_meanings": [
                "{@--1@} From left to\nright. ",
                "{@--2@} Towards the right side, so\nthat the right side is always \nturned towards the person or object\ncircumambulated. ",
                "{@--3@} In a \nsouthern direction, towards the south;\n<ls>Ms. 3. 87.</ls> ({#pradakziRIkf#} or {#pradakziRayati#}\n<ab>Den.</ab> <ab>P.</ab> means ‘to go round from\nleft to right’ as a mark of respect;\n{#pradakziRIkuruzva sadyohutAgnIn#} <ls>Ś. 4</ls>; {#prada#}\n{#kziRIkftya hutaM hutASanaM#} <ls>R. 2. 71</ls>).\n"
            ]
        }
    ],
    "_samasas": [
        {
            "__line": 169015,
            "_ancestry": [
                "L_ 20293",
                "B_ {#pradakziRa#}",
                "S_  {#--arcis#}"
            ],
            "_banner": " {#--arcis#}",
            "_bannerExp": [
                {
                    "Right": "pradakziRArcis"
                }
            ],
            "_gram": [
                "{%<ab>a.</ab>%}"
            ],
            "_meanings": [
                "flaming \ntowards the right, having the flames\nturned towards the right;  \n\n{#pradakziRArcirhaviragnirAdade#} <ls>R. 3. 14.</ls> "
            ],
            "_morphisms": [
                {
                    "__line": 169019,
                    "_ancestry": [
                        "L_ 20293",
                        "B_ {#pradakziRa#}",
                        "S_  {#--arcis#}",
                        "S_M_ {%--<ab>f.</ab>%}"
                    ],
                    "_bannerExp": [
                        {
                            "Right": "pradakziRArcis"
                        }
                    ],
                    "_gram": [
                        "{%--<ab>f.</ab>%}"
                    ],
                    "_meanings": [
                        "flames\nturned towards the right; <ls>R. 4. 25.</ls>\n"
                    ]
                }
            ]
        },
        {
            "__line": 169021,
            "_ancestry": [
                "L_ 20293",
                "B_ {#pradakziRa#}",
                "S_ {#--Avarta, --Avftka#}"
            ],
            "_banner": "{#--Avarta, --Avftka#}",
            "_bannerExp": [
                {
                    "Right": "pradakziRAvarta"
                },
                {
                    "Right": "pradakziRAvftka"
                }
            ],
            "_gram": [
                "{%<ab>a.</ab>%}"
            ],
            "_meanings": [
                "turned towards\nthe right. "
            ]
        },
        {
            "__line": 169022,
            "_ancestry": [
                "L_ 20293",
                "B_ {#pradakziRa#}",
                "S_ {#--kriyA#}"
            ],
            "_banner": "{#--kriyA#}",
            "_bannerExp": [
                {
                    "Right": "pradakziRakriyA"
                }
            ],
            "_meanings": [
                "going round from\nleft to right, keeping the right side\ntowards one as a mark of \nrespect; <ls>R. 1. 76.</ls> "
            ]
        },
        {
            "__line": 169025,
            "_ancestry": [
                "L_ 20293",
                "B_ {#pradakziRa#}",
                "S_ {#--pawwikA#}"
            ],
            "_banner": "{#--pawwikA#}",
            "_bannerExp": [
                {
                    "Right": "pradakziRapawwikA"
                }
            ],
            "_meanings": [
                "a yard,\ncourt-yard."
            ]
        }
    ]
}