{
    "__line": 170438,
    "_ancestry": [
        "L_ 20505",
        "B_ {#praBftiH#}"
    ],
    "_banner": "{#praBftiH#}",
    "_bannerExp": [
        {
            "Right": "praBftiH"
        }
    ],
    "_gram": [
        "{%<ab>f.</ab>%}"
    ],
    "_meanings": [
        "{@--1@} Beginning, \ncommencement; generally used in this\nsense as the last member of <ab>Bah.</ab>\ncompounds; {#iMdrapraBftayo devAH#} &c. ",
        "{@--2@}\n<ab>Ved.</ab> An oblation. ",
        "{@--3@} Throwing or\ncasting (<ab>Ved.</ab>). "
    ],
    "_morphisms": [
        {
            "__line": 170443,
            "_ancestry": [
                "L_ 20505",
                "B_ {#praBftiH#}",
                "M_ {%--<ab>ind.</ab>%}"
            ],
            "_bannerExp": [
                {
                    "Right": "praBftiH"
                }
            ],
            "_gram": [
                "{%--<ab>ind.</ab>%}"
            ],
            "_meanings": [
                "From,\never since, beginning with (with\n<ab>abl.</ab>); {#SESavAtpraBfti pozitAM priyAM#}  \n<ls>U. 1. 45</ls>; <ls>Ku. 3. 26</ls> <ls>R. 2. 38</ls>; {#adya#}\n{#praBfti#} henceforward; {#tataH praBfti, ataH#}\n{#praBfti#} &c."
            ]
        }
    ]
}