{
    "__line": 170793,
    "_ancestry": [
        "L_ 20552",
        "B_ {#pramitiH#}"
    ],
    "_banner": "{#pramitiH#}",
    "_bannerExp": [
        {
            "Right": "pramitiH"
        }
    ],
    "_gram": [
        "{%<ab>f.</ab>%}"
    ],
    "_meanings": [
        "{@--1@} Measurement, a \nmeasure. ",
        "{@--2@} True or certain knowledge,\naccurate notion or conception. ",
        "{@--3@} \n\nKnowledge obtained by any one of\nthe Pramāṇas or means of \nknowledge. ",
        "{@--4@} True inference or analogy."
    ]
}