{
    "__line": 172420,
    "_ancestry": [
        "L_ 20801",
        "B_ {#pravrajita#}"
    ],
    "_banner": "{#pravrajita#}",
    "_bannerExp": [
        {
            "Right": "pravrajita"
        }
    ],
    "_gram": [
        "{%<ab>p. p.</ab>%}"
    ],
    "_meanings": [
        "{@--1@} Gone abroad or\ninto exile. ",
        "{@--2@} Turned a recluse.\n"
    ],
    "_morphisms": [
        {
            "__line": 172422,
            "_ancestry": [
                "L_ 20801",
                "B_ {#pravrajita#}",
                "M_ {#--taH#}"
            ],
            "_banner": "{#--taH#}",
            "_bannerExp": [
                {
                    "Right": "pravrajitaH"
                }
            ],
            "_meanings": [
                "{@--1@} A religious mendicant or\nascetic in general. ",
                "{@--2@} Especially, a\nBrāhmaṇa who has entered on the\nfourth ({#Bikzu#}) order. ",
                "{@--3@} The pupil\nof a Jaina or Buddhist mendicant.\n"
            ]
        },
        {
            "__line": 172427,
            "_ancestry": [
                "L_ 20801",
                "B_ {#pravrajita#}",
                "M_ {#--tA#}"
            ],
            "_banner": "{#--tA#}",
            "_bannerExp": [
                {
                    "Right": "pravrajitA"
                }
            ],
            "_meanings": [
                "{@--1@} A female ascetic. ",
                "{@--2@} A \nspikenard. "
            ]
        },
        {
            "__line": 172428,
            "_ancestry": [
                "L_ 20801",
                "B_ {#pravrajita#}",
                "M_ {#--taM#}"
            ],
            "_banner": "{#--taM#}",
            "_bannerExp": [
                {
                    "Right": "pravrajitaM"
                }
            ],
            "_meanings": [
                "Turning a recluse, the\nlife of a religious mendicant."
            ]
        }
    ]
}