{
    "__line": 172812,
    "_ancestry": [
        "L_ 20856",
        "B_ {#prasaMgaH#}"
    ],
    "_banner": "{#prasaMgaH#}",
    "_bannerExp": [
        {
            "Right": "prasaMgaH"
        }
    ],
    "_meanings": [
        "{@--1@} Attachment, devotion,\naddiction, devotedness; {#svarUpayogye#}\n{#surataprasaMge#} <ls>Ku. 1. 19</ls>;  \n{#tasyAtyAyatakomalasya satataM dyUtaprasaMgena kiM#} <ls>Mk. 2. 11</ls>;\n<ls>Śi. 11. 22.</ls> ",
        "{@--2@} Union, intercourse,\nassociation, connection;  \n{#nivartatAmasmAdgaRikAprasaMgAt#} <ls>Mk. 4</ls>; <ls>Pt. 1. 251.</ls>\n",
        "{@--3@} Illicit intercourse. ",
        "{@--4@} \nOccupation, intentness, being engaged or\noccupied with; {#BrUvikriyAM#} \n{#virataprasaMgEH#} <ls>Ku. 3. 47.</ls> ",
        "{@--5@} A subject or\ntopic (of discourse or controversy).\n",
        "{@--6@} An occasion, incident;  \n{#digvijayaprasaMgena#} <ls>K. 191</ls>; {#yAtrAprasaMgena#}  \n<ls>Māl. 1.</ls> ",
        "{@--7@} Conjuncture, time, \nopportunity; <ls>Ms. 9. 5.</ls> ",
        "{@--8@} A contingency,\nevent, case, occurrence of a \npossibility; {#neSvaro jagataH kAraRamupapadyate#} \n{#kutaH vEzamyanErGfRyaprasaMgAt#} <ls>Ś. B.</ls>; {#evaM#} \n{#cAnavasTAprasaMgaH#} {%<ab>ibid.</ab>%}; {#tasyARutaraprasaMgAt#}\nTarka k.; <ls>Ku. 7. 16.</ls> ",
        "{@--9@} Connected\nreasoning or argument. ",
        "{@--10@} A \nconclusion, an inference. ",
        "{@--11@} Connected\nlanguage. ",
        "{@--12@} Inseparable \napplication or connection (= {#vyApti#} <ab>q. v.</ab>).\n",
        "{@--13@} Mention of parents. ",
        "{@--14@} \nIntroduction, insertion. ",
        "{@--15@} Gain. \n\n({#prasaMgena, prasaMgataH, prasaMgAt#} are used \nadverbially in the sense of {@--1@}  in \nrelation to. {@--2@} in consequence of, on\naccount of, because of, by way of.\n{@--3@} occasionally, incidentally. {@--4@} in\ncourse of; as in {#kaTAprasaMgena#} in course\nof conversation’). "
    ],
    "_samasas": [
        {
            "__line": 172846,
            "_ancestry": [
                "L_ 20856",
                "B_ {#prasaMgaH#}",
                "S_  {#--nivAraRaM#}"
            ],
            "_banner": " {#--nivAraRaM#}",
            "_bannerExp": [
                {
                    "Right": "prasaMganivAraRaM"
                }
            ],
            "_meanings": [
                "prevention or obviation of similar\ncontingencies in future. "
            ]
        },
        {
            "__line": 172848,
            "_ancestry": [
                "L_ 20856",
                "B_ {#prasaMgaH#}",
                "S_ {#--vaSAt#}"
            ],
            "_banner": "{#--vaSAt#}",
            "_bannerExp": [
                {
                    "Right": "prasaMgavaSAt"
                }
            ],
            "_gram": [
                "{%<ab>ind.</ab>%}"
            ],
            "_meanings": [
                "according to the time, by the force\nof circumstances. "
            ]
        },
        {
            "__line": 172850,
            "_ancestry": [
                "L_ 20856",
                "B_ {#prasaMgaH#}",
                "S_ {#--vinivfttiH#}"
            ],
            "_banner": "{#--vinivfttiH#}",
            "_bannerExp": [
                {
                    "Right": "prasaMgavinivfttiH"
                }
            ],
            "_gram": [
                "{%<ab>f.</ab>%}"
            ],
            "_meanings": [
                "nonrecurrence of a contingency."
            ]
        }
    ]
}