{
    "__line": 173528,
    "_ancestry": [
        "L_ 20944",
        "B_ {#prastAvaH#}"
    ],
    "_banner": "{#prastAvaH#}",
    "_bannerExp": [
        {
            "Right": "prastAvaH"
        }
    ],
    "_meanings": [
        "{@--1@} Beginning, \ncommencement. ",
        "{@--2@} An introduction. ",
        "{@--3@}\nMention, allusion, reference;  \n{#nAmamAtraprastAvaH#} <ls>Ś. 7.</ls> ",
        "{@--4@} An occasion,\nopportunity, time, season; fit\nor proper time; {#tvarAprastAvoyaM na Ka#} \n\n{#parihAsasya samayaH#} <ls>Māl. 9. 44</ls>;  \n{#SizyAya bfhatAM patyuH prastAvamadiSad dfSA#}  \n<ls>Śi. 2. 68.</ls> ",
        "{@--5@} The occasion of a discourse,\nsubject, topic. ",
        "{@--6@} The prologue of a\ndrama; see {#prastAvanA#} below. ",
        "{@--7@} The\nprelude or introductory words of a\n{%Sāman%}. ",
        "{@--8@} An introductory praise.\n({#prastAve#} {%<ab>ind.</ab>%} on a suitable occasion,\nseasonably. {#prastAvena#} {1} \nincidentally, occasionally. {2} suitably).\n"
    ],
    "_samasas": [
        {
            "__line": 173545,
            "_ancestry": [
                "L_ 20944",
                "B_ {#prastAvaH#}",
                "S_  {#--yajYaH#}"
            ],
            "_banner": " {#--yajYaH#}",
            "_bannerExp": [
                {
                    "Right": "prastAvayajYaH"
                }
            ],
            "_meanings": [
                "a conversation in\nwhich each interlocutor takes a part"
            ]
        }
    ]
}