{
    "__line": 175525,
    "_ancestry": [
        "L_ 21206",
        "B_ {#prArabDa#}"
    ],
    "_banner": "{#prArabDa#}",
    "_bannerExp": [
        {
            "Right": "prArabDa"
        }
    ],
    "_gram": [
        "{%<ab>p. p.</ab>%}"
    ],
    "_meanings": [
        "Begun, commenced.\n"
    ],
    "_morphisms": [
        {
            "__line": 175526,
            "_ancestry": [
                "L_ 21206",
                "B_ {#prArabDa#}",
                "M_ {#--bDaM#}"
            ],
            "_banner": "{#--bDaM#}",
            "_bannerExp": [
                {
                    "Right": "prArabDaM"
                }
            ],
            "_meanings": [
                "{@--1@} What is begun, an \nundertaking. ",
                "{@--2@} Fate, destiny."
            ]
        }
    ]
}