{
    "__line": 21721,
    "_ancestry": [
        "L_ 2130",
        "B_ {#aMti#}"
    ],
    "_banner": "{#aMti#}",
    "_bannerExp": [
        {
            "Right": "aMti"
        }
    ],
    "_gram": [
        "{%<ab>ind.</ab>%}",
        "[{#aMt-i#}]"
    ],
    "_meanings": [
        "<ab>Ved.</ab> ",
        "{@--1@} Near,\nbefore, in the presence of; {#na#}\n{#hI nu vo maruto aMtyasme#} <ls>Rv. 1. 167. 9</ls>;\n<ls n=\"Rv.\">1. 79. 11.</ls> ",
        "{@--2@} (Prep.) To, in the\nvicinity of (with <ab>gen.</ab>);  \n{#mugDapraBItavadupeyaturaMti mAtroH#} <ls>Bhāg.</ls> "
    ],
    "_morphisms": [
        {
            "__line": 21726,
            "_ancestry": [
                "L_ 2130",
                "B_ {#aMti#}",
                "M_ {#--tiH#}"
            ],
            "_banner": "{#--tiH#}",
            "_bannerExp": [
                {
                    "Right": "aMtiH"
                }
            ],
            "_gram": [
                "{%<ab>f.</ab>%}"
            ],
            "_meanings": [
                "An\nelder sister (in dramas). "
            ]
        }
    ],
    "_samasas": [
        {
            "__line": 21727,
            "_ancestry": [
                "L_ 2130",
                "B_ {#aMti#}",
                "S_ \n{#--Uti#}"
            ],
            "_banner": "\n{#--Uti#}",
            "_bannerExp": [
                {
                    "Right": "aMtyUti"
                }
            ],
            "_gram": [
                "{%<ab>a.</ab>%}"
            ],
            "_meanings": [
                "ready with help. "
            ],
            "_morphisms": [
                {
                    "__line": 21728,
                    "_ancestry": [
                        "L_ 2130",
                        "B_ {#aMti#}",
                        "S_ \n{#--Uti#}",
                        "S_M_ ({#--tiH#}"
                    ],
                    "_banner": "({#--tiH#}",
                    "_bannerExp": [
                        {
                            "Left": "S_M_ 1 error: aMtyUti ({#--tiH#}"
                        }
                    ],
                    "_gram": [
                        "{%<ab>f.</ab>%}"
                    ],
                    "_meanings": [
                        "protection of what is near ({#AsannarakzaRa#})\n<ls>Rv. 1. 138. 1.</ls> "
                    ]
                }
            ]
        },
        {
            "__line": 21730,
            "_ancestry": [
                "L_ 2130",
                "B_ {#aMti#}",
                "S_ {#--gfhaM#}"
            ],
            "_banner": "{#--gfhaM#}",
            "_bannerExp": [
                {
                    "Right": "aMtigfhaM"
                }
            ],
            "_meanings": [
                "a house near one's\nown dwelling, the neighbourhood\nof the house. "
            ]
        },
        {
            "__line": 21732,
            "_ancestry": [
                "L_ 2130",
                "B_ {#aMti#}",
                "S_ {#--deva#}"
            ],
            "_banner": "{#--deva#}",
            "_bannerExp": [
                {
                    "Right": "aMtideva"
                }
            ],
            "_gram": [
                "{%<ab>a.</ab>%}"
            ],
            "_meanings": [
                "being near the\ngod; an adversary (at dice);  \n<ls>Rv. 1. 180. 7.</ls> "
            ]
        },
        {
            "__line": 21734,
            "_ancestry": [
                "L_ 2130",
                "B_ {#aMti#}",
                "S_ {#--mitra, --vAma, --zumRa#}"
            ],
            "_banner": "{#--mitra, --vAma, --zumRa#}",
            "_bannerExp": [
                {
                    "Right": "aMtimitra"
                },
                {
                    "Right": "aMtivAma"
                },
                {
                    "Right": "aMtizumRa"
                }
            ],
            "_gram": [
                "{%<ab>a.</ab>%}"
            ],
            "_meanings": [
                "near or\nat hand with help, wealth, or \nkindness; {#aMtivAmA dUre#} <ls>Rv. 7. 77. 4</ls> ( \n{#nikawasTaDanA#})."
            ]
        }
    ]
}