{
    "__line": 176555,
    "_ancestry": [
        "L_ 21343",
        "B_ {#prez#}"
    ],
    "_banner": "{#prez#}",
    "_bannerExp": [
        {
            "Right": "prez"
        }
    ],
    "_gram": [
        "{vI.v}",
        "{c4c}",
        "<ab>P.</ab>"
    ],
    "_meanings": [
        "{@--1@} To drive forward, \n\ndrive on. ",
        "{@--2@} To send forth, utter.\n",
        "{@--3@} To fling, cast. "
    ],
    "_morphisms": [
        {
            "__line": 176558,
            "_ancestry": [
                "L_ 21343",
                "B_ {#prez#}",
                "M_ {%--<ab>Caus.</ab>%}"
            ],
            "_bannerExp": [
                {
                    "Right": "prez"
                }
            ],
            "_gram": [
                "{%--<ab>Caus.</ab>%}"
            ],
            "_meanings": [
                "{@--1@} To\nsend forth, cast, hurl, <ls>Bk. 15. 77.</ls>\n",
                "{@--2@} To send, despatch; {#kimarTamfzayaH#}\n{#prezitAH syuH#} <ls>Ś. 5.</ls> ",
                "{@--3@} To send away,\ndismiss. ",
                "{@--4@} To banish. ",
                "{@--5@} To turn\nor direct (the eyes). "
            ]
        },
        {
            "__line": 176563,
            "_ancestry": [
                "L_ 21343",
                "B_ {#prez#}",
                "M_ {vII.v}"
            ],
            "_bannerExp": [
                {
                    "Right": "prez"
                }
            ],
            "_gram": [
                "{vII.v}",
                "{c1c}",
                "<ab>U.</ab>",
                "({#prezati te#})"
            ],
            "_meanings": [
                "To go, move."
            ]
        }
    ]
}