{
    "__line": 177874,
    "_ancestry": [
        "L_ 21528",
        "B_ {#baMh#}"
    ],
    "_banner": "{#baMh#}",
    "_bannerExp": [
        {
            "Right": "baMh"
        }
    ],
    "_gram": [
        "{c1c}",
        "<ab>A.</ab>",
        "({#baMhate, baMhita#})"
    ],
    "_meanings": [
        "To \nincrease, grow. "
    ],
    "_morphisms": [
        {
            "__line": 177875,
            "_ancestry": [
                "L_ 21528",
                "B_ {#baMh#}",
                "M_ {%--<ab>Caus.</ab>%}"
            ],
            "_bannerExp": [
                {
                    "Right": "baMh"
                }
            ],
            "_gram": [
                "{%--<ab>Caus.</ab>%}"
            ],
            "_meanings": [
                "{@--1@} To increase.\n",
                "{@--2@} To strengthen, make firm, fix. "
            ]
        }
    ]
}