{
    "__line": 178581,
    "_ancestry": [
        "L_ 21590",
        "B_ {#barhaH --rhaM#}"
    ],
    "_banner": "{#barhaH --rhaM#}",
    "_bannerExp": [
        {
            "Right": "barhaH"
        },
        {
            "Right": "barhaM"
        }
    ],
    "_gram": [
        "[{#barh-ac#}]"
    ],
    "_meanings": [
        "{@--1@} A peacock's\ntail; {#davolkAhataSezabarhAH#} <ls>R. 16. 14</ls>;\n{#(keSapASe) sati kusumasanATe kaM haredeza#}\n{#barhaH#} <ls>V. 4. 10</ls> <ab>v. l.</ab> ",
        "{@--2@} The tail of a\nbird. ",
        "{@--3@} A tail-feather (especially\nof a peacock); <ls>Me. 44</ls>; <ls>Ku. 1. 15</ls>;\n<ls>Śi. 8. 11.</ls> ",
        "{@--4@} A leaf; {#ApAMquraM#} \n{#ketakabarhamanyaH#} <ls>R. 6. 17.</ls> ",
        "{@--5@} A train, retinue.\n"
    ],
    "_samasas": [
        {
            "__line": 178589,
            "_ancestry": [
                "L_ 21590",
                "B_ {#barhaH --rhaM#}",
                "S_  {#--BAraH#}"
            ],
            "_banner": " {#--BAraH#}",
            "_bannerExp": [
                {
                    "Right": "barhaBAraH"
                }
            ],
            "_meanings": [
                "{1} a peacock's tail.\n",
                "{2} a tuft of peacock's feathers on\nthe handle of a club &c."
            ]
        }
    ]
}