{
    "__line": 178659,
    "_ancestry": [
        "L_ 21601",
        "B_ {#balaM#}"
    ],
    "_banner": "{#balaM#}",
    "_bannerExp": [
        {
            "Right": "balaM"
        }
    ],
    "_gram": [
        "[{#bal-ac#}]"
    ],
    "_meanings": [
        "{@--1@} Strength, power,\nmight, vigour. ",
        "{@--2@} Force, violence;\nas in {#balAt#} <ab>q. v.</ab> ",
        "{@--3@} An army,\nhost, forces, troops; {#BavedaBIzmamadroRaM#} \n{#DftarAzwrabalaM kaTaM#} <ls>Ve. 3. 24</ls>, <ls n=\"Ve. 3.\">43</ls>;  \n<ls>Bg. 1. 10</ls>; <ls>R. 16. 37.</ls> ",
        "{@--4@} Bulkiness, \nstoutness (of the body). ",
        "{@--5@} Body, figure,\nshape. ",
        "{@--6@} Semen virile, ",
        "{@--7@} Blood,\n",
        "{@--8@} Gum myrrh. ",
        "{@--9@} A shoot, sprout.\n({#balena#} means ‘on the strength of’,\n‘by means or virtue of’; {#bahubalena#}\n{#jitaH, vIryabalena#} &c.; {#balAt#} ‘perforce’,\n‘forcibly’, ‘violently’, ‘against\none's will’; {#balAnnidrA samAyAtA#}  \n<ls>Pt. 1</ls>; {#hfdayamadaye tasminnevaM punarvalate balAt#}\n<ls>Gīt. 7</ls>). "
    ],
    "_morphisms": [
        {
            "__line": 178674,
            "_ancestry": [
                "L_ 21601",
                "B_ {#balaM#}",
                "M_ {#--laH#}"
            ],
            "_banner": "{#--laH#}",
            "_bannerExp": [
                {
                    "Right": "balaH"
                }
            ],
            "_meanings": [
                "{@--1@} A crow. ",
                "{@--2@} <ab>N.</ab> of the\nelder brother of Kṛṣṇa; see {#valarAma#}\nbelow. ",
                "{@--3@} <ab>N.</ab> of a demon killed by\nIndra. "
            ]
        }
    ],
    "_samasas": [
        {
            "__line": 178677,
            "_ancestry": [
                "L_ 21601",
                "B_ {#balaM#}",
                "S_  {#--agraM#}"
            ],
            "_banner": " {#--agraM#}",
            "_bannerExp": [
                {
                    "Right": "balAgraM"
                }
            ],
            "_meanings": [
                "excessive\nstrength or force. "
            ],
            "_morphisms": [
                {
                    "__line": 178678,
                    "_ancestry": [
                        "L_ 21601",
                        "B_ {#balaM#}",
                        "S_  {#--agraM#}",
                        "S_M_ ({#--graH#}"
                    ],
                    "_banner": "({#--graH#}",
                    "_bannerExp": [
                        {
                            "Right": "balAgraH"
                        }
                    ],
                    "_meanings": [
                        "the head of\nan army. "
                    ]
                }
            ]
        },
        {
            "__line": 178679,
            "_ancestry": [
                "L_ 21601",
                "B_ {#balaM#}",
                "S_ {#--aMgakaH#}"
            ],
            "_banner": "{#--aMgakaH#}",
            "_bannerExp": [
                {
                    "Right": "balAMgakaH"
                }
            ],
            "_meanings": [
                "the spring \n\n(Hemacandra). "
            ]
        },
        {
            "__line": 178681,
            "_ancestry": [
                "L_ 21601",
                "B_ {#balaM#}",
                "S_ {#--aMcitA#}"
            ],
            "_banner": "{#--aMcitA#}",
            "_bannerExp": [
                {
                    "Right": "balAMcitA"
                }
            ],
            "_meanings": [
                "the lute\nof Balarāma. "
            ]
        },
        {
            "__line": 178682,
            "_ancestry": [
                "L_ 21601",
                "B_ {#balaM#}",
                "S_ {#--awaH#}"
            ],
            "_banner": "{#--awaH#}",
            "_bannerExp": [
                {
                    "Right": "balAwaH"
                }
            ],
            "_meanings": [
                "a kind of beam.\n"
            ]
        },
        {
            "__line": 178683,
            "_ancestry": [
                "L_ 21601",
                "B_ {#balaM#}",
                "S_ {#--aDika#}"
            ],
            "_banner": "{#--aDika#}",
            "_bannerExp": [
                {
                    "Right": "balADika"
                }
            ],
            "_gram": [
                "{%<ab>a.</ab>%}"
            ],
            "_meanings": [
                "surpassing in strength, of\nsuperior strength or force.  \n"
            ]
        },
        {
            "__line": 178685,
            "_ancestry": [
                "L_ 21601",
                "B_ {#balaM#}",
                "S_ {#--aDikaraRaM#}"
            ],
            "_banner": "{#--aDikaraRaM#}",
            "_bannerExp": [
                {
                    "Right": "balADikaraRaM"
                }
            ],
            "_meanings": [
                "the affairs of an army. "
            ]
        },
        {
            "__line": 178685,
            "_ancestry": [
                "L_ 21601",
                "B_ {#balaM#}",
                "S_ {#--aDyakzaH#}"
            ],
            "_banner": "{#--aDyakzaH#}",
            "_bannerExp": [
                {
                    "Right": "balADyakzaH"
                }
            ],
            "_meanings": [
                "{1} a general or commander of an\narmy; <ls>Ms. 7. 189.</ls> ",
                "{2} a \nwar-minister. "
            ]
        },
        {
            "__line": 178688,
            "_ancestry": [
                "L_ 21601",
                "B_ {#balaM#}",
                "S_ {#--anujaH#}"
            ],
            "_banner": "{#--anujaH#}",
            "_bannerExp": [
                {
                    "Right": "balAnujaH"
                }
            ],
            "_meanings": [
                "an epithet of \nKṛshṇa. "
            ]
        },
        {
            "__line": 178689,
            "_ancestry": [
                "L_ 21601",
                "B_ {#balaM#}",
                "S_ {#--anvita#}"
            ],
            "_banner": "{#--anvita#}",
            "_bannerExp": [
                {
                    "Right": "balAnvita"
                }
            ],
            "_gram": [
                "{%<ab>a.</ab>%}"
            ],
            "_meanings": [
                "endowed with\nstrength, mighty, powerful. "
            ]
        },
        {
            "__line": 178690,
            "_ancestry": [
                "L_ 21601",
                "B_ {#balaM#}",
                "S_ {#--abalaM#}"
            ],
            "_banner": "{#--abalaM#}",
            "_bannerExp": [
                {
                    "Right": "balAbalaM"
                }
            ],
            "_meanings": [
                "{1} comparative strength and want\nof strength, relative strength and\nweakness; <ls>R. 17. 59.</ls> ",
                "{2} relative\nsignificance and insignificance, \ncomparative importance and \nunimportance; {#samaya eva karoti balAbalaM#}  \n<ls>Śi. 6. 44.</ls> "
            ]
        },
        {
            "__line": 178697,
            "_ancestry": [
                "L_ 21601",
                "B_ {#balaM#}",
                "S_ {#--aBraH#}"
            ],
            "_banner": "{#--aBraH#}",
            "_bannerExp": [
                {
                    "Right": "balABraH"
                }
            ],
            "_meanings": [
                "an army in the form of a\ncloud. "
            ]
        },
        {
            "__line": 178698,
            "_ancestry": [
                "L_ 21601",
                "B_ {#balaM#}",
                "S_ {#--arAtiH#}"
            ],
            "_banner": "{#--arAtiH#}",
            "_bannerExp": [
                {
                    "Right": "balArAtiH"
                }
            ],
            "_meanings": [
                "an epithet of Indra.\n"
            ]
        },
        {
            "__line": 178699,
            "_ancestry": [
                "L_ 21601",
                "B_ {#balaM#}",
                "S_ {#--avalepaH#}"
            ],
            "_banner": "{#--avalepaH#}",
            "_bannerExp": [
                {
                    "Right": "balAvalepaH"
                }
            ],
            "_meanings": [
                "pride of strength. "
            ]
        },
        {
            "__line": 178699,
            "_ancestry": [
                "L_ 21601",
                "B_ {#balaM#}",
                "S_ {#--aSaH#}\n{#--asaH#}"
            ],
            "_banner": "{#--aSaH#}\n{#--asaH#}",
            "_bannerExp": [
                {
                    "Right": "balASaH"
                },
                {
                    "Right": "balAsaH"
                }
            ],
            "_meanings": [
                "{1} consumption. ",
                "{2} the\nphlegmatic humour ({#kaPa#}). ",
                "{3} a\nswelling in the throat (which stops\nthe passages of food). "
            ]
        },
        {
            "__line": 178703,
            "_ancestry": [
                "L_ 21601",
                "B_ {#balaM#}",
                "S_ {#--AtmikA#}"
            ],
            "_banner": "{#--AtmikA#}",
            "_bannerExp": [
                {
                    "Right": "balAtmikA"
                }
            ],
            "_meanings": [
                "a\nkind of sun-flower ({#hastiSuMqI#}).  \n"
            ]
        },
        {
            "__line": 178705,
            "_ancestry": [
                "L_ 21601",
                "B_ {#balaM#}",
                "S_ {#--AhaH#}"
            ],
            "_banner": "{#--AhaH#}",
            "_bannerExp": [
                {
                    "Right": "balAhaH"
                }
            ],
            "_meanings": [
                "water. "
            ]
        },
        {
            "__line": 178705,
            "_ancestry": [
                "L_ 21601",
                "B_ {#balaM#}",
                "S_ {#--utkrawa#}"
            ],
            "_banner": "{#--utkrawa#}",
            "_bannerExp": [
                {
                    "Right": "balotkrawa"
                }
            ],
            "_gram": [
                "{%<ab>a.</ab>%}"
            ],
            "_meanings": [
                "of mighty\nstrength; <ls>Pt. 2. 40</ls>; <ls n=\"Pt.\">3. 114.</ls>  \n"
            ]
        },
        {
            "__line": 178707,
            "_ancestry": [
                "L_ 21601",
                "B_ {#balaM#}",
                "S_ {#--upapanna, --upeta#}"
            ],
            "_banner": "{#--upapanna, --upeta#}",
            "_bannerExp": [
                {
                    "Right": "balopapanna"
                },
                {
                    "Right": "balopeta"
                }
            ],
            "_gram": [
                "{%<ab>a.</ab>%}"
            ],
            "_meanings": [
                "endowed with strength,\nstrong, powerful. "
            ]
        },
        {
            "__line": 178708,
            "_ancestry": [
                "L_ 21601",
                "B_ {#balaM#}",
                "S_ {#--oGaH#}"
            ],
            "_banner": "{#--oGaH#}",
            "_bannerExp": [
                {
                    "Right": "balOGaH"
                }
            ],
            "_meanings": [
                "a \nmultitude of troops, numerous army;  \n<ls>Śi. 5. 2.</ls> "
            ]
        },
        {
            "__line": 178710,
            "_ancestry": [
                "L_ 21601",
                "B_ {#balaM#}",
                "S_ {#--kara, --kft#}"
            ],
            "_banner": "{#--kara, --kft#}",
            "_bannerExp": [
                {
                    "Right": "balakara"
                },
                {
                    "Right": "balakft"
                }
            ],
            "_gram": [
                "{%<ab>a.</ab>%}"
            ],
            "_meanings": [
                "strengthening.\n"
            ]
        },
        {
            "__line": 178711,
            "_ancestry": [
                "L_ 21601",
                "B_ {#balaM#}",
                "S_ {#--kzoBaH#}"
            ],
            "_banner": "{#--kzoBaH#}",
            "_bannerExp": [
                {
                    "Right": "balakzoBaH"
                }
            ],
            "_meanings": [
                "disturbance in the army,\nmutiny, revolt. "
            ]
        },
        {
            "__line": 178712,
            "_ancestry": [
                "L_ 21601",
                "B_ {#balaM#}",
                "S_ {#--cakraM#}"
            ],
            "_banner": "{#--cakraM#}",
            "_bannerExp": [
                {
                    "Right": "balacakraM"
                }
            ],
            "_meanings": [
                "{1} dominion,\nsovereignty. ",
                "{2} an army, a host. "
            ]
        },
        {
            "__line": 178713,
            "_ancestry": [
                "L_ 21601",
                "B_ {#balaM#}",
                "S_ {#--ja#}"
            ],
            "_banner": "{#--ja#}",
            "_bannerExp": [
                {
                    "Right": "balaja"
                }
            ],
            "_gram": [
                "{%<ab>a.</ab>%}"
            ],
            "_meanings": [
                "produced by power. "
            ],
            "_morphisms": [
                {
                    "__line": 178714,
                    "_ancestry": [
                        "L_ 21601",
                        "B_ {#balaM#}",
                        "S_ {#--ja#}",
                        "S_M_ ({#--jaM#}"
                    ],
                    "_banner": "({#--jaM#}",
                    "_bannerExp": [
                        {
                            "Right": "balajaM"
                        }
                    ],
                    "_meanings": [
                        "{1} a\ncity-gate, gate. ",
                        "{2} a field. ",
                        "{3} grain,\na heap of grain; <ls>Śi. 14. 7.</ls> ",
                        "{4} war,\nbattle. ",
                        "{5} marrow, pith. ",
                        "{6} a \npretty figure. "
                    ]
                },
                {
                    "__line": 178718,
                    "_ancestry": [
                        "L_ 21601",
                        "B_ {#balaM#}",
                        "S_ {#--ja#}",
                        "S_M_ ({#--jA#}"
                    ],
                    "_banner": "({#--jA#}",
                    "_bannerExp": [
                        {
                            "Right": "balajA"
                        }
                    ],
                    "_meanings": [
                        "{1} the earth. ",
                        "{2} a\nhandsome woman. ",
                        "{3} a kind of,\njasmine (Arabian). "
                    ]
                }
            ]
        },
        {
            "__line": 178720,
            "_ancestry": [
                "L_ 21601",
                "B_ {#balaM#}",
                "S_ {#--daH#}"
            ],
            "_banner": "{#--daH#}",
            "_bannerExp": [
                {
                    "Right": "baladaH"
                }
            ],
            "_meanings": [
                "an ox\na bullock. "
            ]
        },
        {
            "__line": 178721,
            "_ancestry": [
                "L_ 21601",
                "B_ {#balaM#}",
                "S_ {#--darpaH#}"
            ],
            "_banner": "{#--darpaH#}",
            "_bannerExp": [
                {
                    "Right": "baladarpaH"
                }
            ],
            "_meanings": [
                "pride of strength.\n"
            ]
        },
        {
            "__line": 178722,
            "_ancestry": [
                "L_ 21601",
                "B_ {#balaM#}",
                "S_ {#--devaH#}"
            ],
            "_banner": "{#--devaH#}",
            "_bannerExp": [
                {
                    "Right": "baladevaH"
                }
            ],
            "_meanings": [
                "{1} air, wind. ",
                "{2} <ab>N.</ab> of the\nelder brother of Kṛṣṇa; see {#balarAma#}\nbelow. "
            ]
        },
        {
            "__line": 178724,
            "_ancestry": [
                "L_ 21601",
                "B_ {#balaM#}",
                "S_ {#--dviz#}"
            ],
            "_banner": "{#--dviz#}",
            "_bannerExp": [
                {
                    "Right": "baladviz"
                }
            ],
            "_gram": [
                "{%<ab>m.</ab>%}",
                "{#--nizUdanaH#}"
            ],
            "_meanings": [
                "epithets of\nIndra; {#balanizUdanamarTapatiM ca taM#} <ls>R. 9. 3.</ls>\n"
            ]
        },
        {
            "__line": 178726,
            "_ancestry": [
                "L_ 21601",
                "B_ {#balaM#}",
                "S_ {#--nigraha#}"
            ],
            "_banner": "{#--nigraha#}",
            "_bannerExp": [
                {
                    "Right": "balanigraha"
                }
            ],
            "_gram": [
                "{%<ab>a.</ab>%}"
            ],
            "_meanings": [
                "weakening, enervating.\n"
            ]
        },
        {
            "__line": 178727,
            "_ancestry": [
                "L_ 21601",
                "B_ {#balaM#}",
                "S_ {#--patiH#}"
            ],
            "_banner": "{#--patiH#}",
            "_bannerExp": [
                {
                    "Right": "balapatiH"
                }
            ],
            "_meanings": [
                "{1} a general, commander.\n",
                "{2} an epithet of Indra. "
            ]
        },
        {
            "__line": 178728,
            "_ancestry": [
                "L_ 21601",
                "B_ {#balaM#}",
                "S_ {#--prada#}"
            ],
            "_banner": "{#--prada#}",
            "_bannerExp": [
                {
                    "Right": "balaprada"
                }
            ],
            "_gram": [
                "{%<ab>a.</ab>%}"
            ],
            "_meanings": [
                "giving strength, invigorating. "
            ]
        },
        {
            "__line": 178729,
            "_ancestry": [
                "L_ 21601",
                "B_ {#balaM#}",
                "S_ {#--prasUH#}"
            ],
            "_banner": "{#--prasUH#}",
            "_bannerExp": [
                {
                    "Right": "balaprasUH"
                }
            ],
            "_meanings": [
                "<ab>N.</ab> of Rohiṇī, mother of Balarāma.\n"
            ]
        },
        {
            "__line": 178731,
            "_ancestry": [
                "L_ 21601",
                "B_ {#balaM#}",
                "S_ {#--Badra#}"
            ],
            "_banner": "{#--Badra#}",
            "_bannerExp": [
                {
                    "Right": "balaBadra"
                }
            ],
            "_gram": [
                "{%<ab>a.</ab>%}"
            ],
            "_meanings": [
                "strong, powerful. "
            ],
            "_morphisms": [
                {
                    "__line": 178731,
                    "_ancestry": [
                        "L_ 21601",
                        "B_ {#balaM#}",
                        "S_ {#--Badra#}",
                        "S_M_ ({#--draH#}"
                    ],
                    "_banner": "({#--draH#}",
                    "_bannerExp": [
                        {
                            "Right": "balaBadraH"
                        }
                    ],
                    "_meanings": [
                        "{1}\na strong or powerful man. ",
                        "{2} a kind\nof ox. ",
                        "{3} <ab>N.</ab> of Balarāma, <ab>q. v.</ab>\nbelow. ",
                        "{4} the tree called {#loDra#}. ",
                        "{5}\n<ab>N.</ab> of Ananta. "
                    ]
                },
                {
                    "__line": 178735,
                    "_ancestry": [
                        "L_ 21601",
                        "B_ {#balaM#}",
                        "S_ {#--Badra#}",
                        "S_M_ ({#--drA#}"
                    ],
                    "_banner": "({#--drA#}",
                    "_bannerExp": [
                        {
                            "Right": "balaBadrA"
                        }
                    ],
                    "_meanings": [
                        "a maiden.  \n"
                    ]
                }
            ]
        },
        {
            "__line": 178736,
            "_ancestry": [
                "L_ 21601",
                "B_ {#balaM#}",
                "S_ {#--Bid#}"
            ],
            "_banner": "{#--Bid#}",
            "_bannerExp": [
                {
                    "Right": "balaBid"
                }
            ],
            "_gram": [
                "{%<ab>m.</ab>%}"
            ],
            "_meanings": [
                "an epithet of Indra; <ls>Ś. 2.</ls>  \n"
            ]
        },
        {
            "__line": 178737,
            "_ancestry": [
                "L_ 21601",
                "B_ {#balaM#}",
                "S_ {#--Bft#}"
            ],
            "_banner": "{#--Bft#}",
            "_bannerExp": [
                {
                    "Right": "balaBft"
                }
            ],
            "_gram": [
                "{%<ab>a.</ab>%}"
            ],
            "_meanings": [
                "strong, powerful. "
            ]
        },
        {
            "__line": 178737,
            "_ancestry": [
                "L_ 21601",
                "B_ {#balaM#}",
                "S_ {#--rAmaH#}"
            ],
            "_banner": "{#--rAmaH#}",
            "_bannerExp": [
                {
                    "Right": "balarAmaH"
                }
            ],
            "_meanings": [
                "‘the \n\nstrong Rāma’, <ab>N.</ab> of the elder \nbrother of Kṛṣṇa. [He was the seventh\nson of Vasudeva and Devakī; but \ntransferred to the womb of Rohiṇi to save\nhim from falling a prey to the cruelty of\nKaṃsa. He and his brother Kṛṣṇa\nwere brought up by Nanda in Gokula.\nWhen quite young, he killed the \npowerful demons Dhenuka and Pralamba, and\nperformed, like his brother, many feats\nof surprising strength. On one occasion\nBalarāma under the influence of wine, of\nwhich he was very fond, called upon the\nYamunā river to come to him that he\nmight bathe; and on his command being\nunheeded, he plunged his plough-share\ninto the river and dragged the waters\nafter him, until the river assumed a \nhuman form and asked his forgiveness.\nOn another occasion he dragged towards\nhimself the whole city of Hastināpura\nalong with its walls. As Kṛṣṇa was a\nfriend and admirer of the Pāṇḍavas, so\nBalarāma was of the Kauravas, as was\nseen in his desire of giving his sister \nSubhadrā to Duryodhana rather than to\nArjuna; yet he declined to take any part\nin the great Bhāratī war either with the\nPāṇḍavas or the Kauravas. He is \nrepresented as dressed in blue clothes, and\narmed with a ploughshare which was his\nmost effective weapon. His wife was\nRevatī. He is sometimes regarded as an\nincarnation of the serpent Śeṣa and\nsometimes as the eighth incarnation of\nViṣṇu; see the quotation under {#hala#}].\n"
            ]
        },
        {
            "__line": 178775,
            "_ancestry": [
                "L_ 21601",
                "B_ {#balaM#}",
                "S_ {#--varDana#}"
            ],
            "_banner": "{#--varDana#}",
            "_bannerExp": [
                {
                    "Right": "balavarDana"
                }
            ],
            "_gram": [
                "{%<ab>a.</ab>%}"
            ],
            "_meanings": [
                "invigorating, strengthening.\n"
            ]
        },
        {
            "__line": 178776,
            "_ancestry": [
                "L_ 21601",
                "B_ {#balaM#}",
                "S_ {#--vinyAsaH#}"
            ],
            "_banner": "{#--vinyAsaH#}",
            "_bannerExp": [
                {
                    "Right": "balavinyAsaH"
                }
            ],
            "_meanings": [
                "array or arrangement of\ntroops. "
            ]
        },
        {
            "__line": 178777,
            "_ancestry": [
                "L_ 21601",
                "B_ {#balaM#}",
                "S_ {#--vyasanaM#}"
            ],
            "_banner": "{#--vyasanaM#}",
            "_bannerExp": [
                {
                    "Right": "balavyasanaM"
                }
            ],
            "_meanings": [
                "the defeat of an army.\n"
            ]
        },
        {
            "__line": 178778,
            "_ancestry": [
                "L_ 21601",
                "B_ {#balaM#}",
                "S_ {#--SAlin#}"
            ],
            "_banner": "{#--SAlin#}",
            "_bannerExp": [
                {
                    "Right": "balaSAlin"
                }
            ],
            "_gram": [
                "{%<ab>a.</ab>%}"
            ],
            "_meanings": [
                "strong. "
            ]
        },
        {
            "__line": 178778,
            "_ancestry": [
                "L_ 21601",
                "B_ {#balaM#}",
                "S_ {#--sUdanaH#}"
            ],
            "_banner": "{#--sUdanaH#}",
            "_bannerExp": [
                {
                    "Right": "balasUdanaH"
                }
            ],
            "_meanings": [
                "an \nepithet of Indra. "
            ]
        },
        {
            "__line": 178779,
            "_ancestry": [
                "L_ 21601",
                "B_ {#balaM#}",
                "S_ {#--sTa#}"
            ],
            "_banner": "{#--sTa#}",
            "_bannerExp": [
                {
                    "Right": "balasTa"
                }
            ],
            "_gram": [
                "{%<ab>a.</ab>%}"
            ],
            "_meanings": [
                "strong, \npowerful. "
            ],
            "_morphisms": [
                {
                    "__line": 178780,
                    "_ancestry": [
                        "L_ 21601",
                        "B_ {#balaM#}",
                        "S_ {#--sTa#}",
                        "S_M_ ({#--sTaH#}"
                    ],
                    "_banner": "({#--sTaH#}",
                    "_bannerExp": [
                        {
                            "Right": "balasTaH"
                        }
                    ],
                    "_meanings": [
                        "a warrior, soldier. "
                    ]
                }
            ]
        },
        {
            "__line": 178780,
            "_ancestry": [
                "L_ 21601",
                "B_ {#balaM#}",
                "S_ {#--sTitiH#}"
            ],
            "_banner": "{#--sTitiH#}",
            "_bannerExp": [
                {
                    "Right": "balasTitiH"
                }
            ],
            "_gram": [
                "{%<ab>f.</ab>%}"
            ],
            "_meanings": [
                "{1} a camp; an encampment. ",
                "{2} a\nroyal camp. "
            ]
        },
        {
            "__line": 178782,
            "_ancestry": [
                "L_ 21601",
                "B_ {#balaM#}",
                "S_ {#--han#}"
            ],
            "_banner": "{#--han#}",
            "_bannerExp": [
                {
                    "Right": "balahan"
                }
            ],
            "_gram": [
                "{%<ab>m.</ab>%}"
            ],
            "_meanings": [
                "{1} an epithet of\nIndra. ",
                "{2} of Balarāma. ",
                "{3} phlegm.\n"
            ]
        },
        {
            "__line": 178784,
            "_ancestry": [
                "L_ 21601",
                "B_ {#balaM#}",
                "S_ {#--hIna#}"
            ],
            "_banner": "{#--hIna#}",
            "_bannerExp": [
                {
                    "Right": "balahIna"
                }
            ],
            "_gram": [
                "{%<ab>a.</ab>%}"
            ],
            "_meanings": [
                "destitute of strength,\nweak, feeble."
            ]
        }
    ]
}