{
    "__line": 22789,
    "_ancestry": [
        "L_ 2188",
        "B_ {#anvakza#}"
    ],
    "_banner": "{#anvakza#}",
    "_bannerExp": [
        {
            "Right": "anvakza"
        }
    ],
    "_gram": [
        "{%<ab>a.</ab>%}",
        "[{#anugataHakzaM iMdriyaM gatisamA#}.]"
    ],
    "_meanings": [
        "{@--1@} Visible, perceptible. ",
        "{@--2@} Following,\nclose on the heels of, immediately\nfollowing. "
    ],
    "_morphisms": [
        {
            "__line": 22792,
            "_ancestry": [
                "L_ 2188",
                "B_ {#anvakza#}",
                "M_ {#--kzaM#}"
            ],
            "_banner": "{#--kzaM#}",
            "_bannerExp": [
                {
                    "Right": "anvakzaM"
                }
            ],
            "_gram": [
                "{%<ab>ind.</ab>%}"
            ],
            "_meanings": [
                "{@--1@} Afterwards,\nafter; {#Aroha tvaM… sItAM cAropayAnvakzaM#}\n<ls>Rām.</ls> ",
                "{@--2@} Immediately after, \nforthwith, directly; <ls>Y. 3. 21.</ls>"
            ]
        }
    ]
}