{
    "__line": 182882,
    "_ancestry": [
        "L_ 21986",
        "B_ {#Barita#}"
    ],
    "_banner": "{#Barita#}",
    "_bannerExp": [
        {
            "Right": "Barita"
        }
    ],
    "_gram": [
        "{%<ab>a.</ab>%}"
    ],
    "_meanings": [
        "{@--1@} Nourished, maintained. \n\n",
        "{@--2@} Filled with, full of; {#jagajjAlaM#} \n{#kartA kusumaBarasOraByaBaritaM#} <ls>Bv. 1. 54</ls>; <ls n=\"Bv. 1.\">33.</ls>\n",
        "{@--3@} Green. "
    ],
    "_morphisms": [
        {
            "__line": 182886,
            "_ancestry": [
                "L_ 21986",
                "B_ {#Barita#}",
                "M_ {#--taH#}"
            ],
            "_banner": "{#--taH#}",
            "_bannerExp": [
                {
                    "Right": "BaritaH"
                }
            ],
            "_meanings": [
                "The green colour."
            ]
        }
    ]
}