{
    "__line": 184637,
    "_ancestry": [
        "L_ 22187",
        "B_ {#BiMdu#}"
    ],
    "_banner": "{#BiMdu#}",
    "_bannerExp": [
        {
            "Right": "BiMdu"
        }
    ],
    "_gram": [
        "{%<ab>a.</ab>%}"
    ],
    "_meanings": [
        "Destroying. "
    ],
    "_morphisms": [
        {
            "__line": 184637,
            "_ancestry": [
                "L_ 22187",
                "B_ {#BiMdu#}",
                "M_ {#--duH#}"
            ],
            "_banner": "{#--duH#}",
            "_bannerExp": [
                {
                    "Right": "BiMduH"
                }
            ],
            "_meanings": [
                "A drop;\n<ab>cf.</ab> {#biMdu#}. "
            ]
        },
        {
            "__line": 184638,
            "_ancestry": [
                "L_ 22187",
                "B_ {#BiMdu#}",
                "M_ {#--duH#}"
            ],
            "_banner": "{#--duH#}",
            "_bannerExp": [
                {
                    "Right": "BiMduH"
                }
            ],
            "_gram": [
                "{%<ab>f.</ab>%}"
            ],
            "_meanings": [
                "A woman bringing\nforth a dead child."
            ]
        }
    ]
}