{
    "__line": 185217,
    "_ancestry": [
        "L_ 22241",
        "B_ {#Buvar, Buvas#}"
    ],
    "_banner": "{#Buvar, Buvas#}",
    "_bannerExp": [
        {
            "Right": "Buvar"
        },
        {
            "Right": "Buvas"
        }
    ],
    "_gram": [
        "{%<ab>ind.</ab>%}"
    ],
    "_meanings": [
        "{@--1@} The \natmosphere, ether (the second of the\nthree worlds, the one immediately\nabove the earth). ",
        "{@--2@} A mystic\nword, one of the three Vyāhṛtis,\n({#BUrBuvaHsvaH#})."
    ]
}