{
    "__line": 186697,
    "_ancestry": [
        "L_ 22353",
        "B_ {#BowaH#}"
    ],
    "_banner": "{#BowaH#}",
    "_bannerExp": [
        {
            "Right": "BowaH"
        }
    ],
    "_meanings": [
        "<ab>N.</ab> of a country (said to be\nthe same as Tibet). "
    ],
    "_samasas": [
        {
            "__line": 186698,
            "_ancestry": [
                "L_ 22353",
                "B_ {#BowaH#}",
                "S_ \n{#--aMgaH#}"
            ],
            "_banner": "\n{#--aMgaH#}",
            "_bannerExp": [
                {
                    "Right": "BowAMgaH"
                }
            ],
            "_meanings": [
                "the country called Bhootāna."
            ]
        }
    ]
}