{
    "__line": 187724,
    "_ancestry": [
        "L_ 22492",
        "B_ {#majjanaM#}"
    ],
    "_banner": "{#majjanaM#}",
    "_bannerExp": [
        {
            "Right": "majjanaM"
        }
    ],
    "_gram": [
        "[{#masj-BAve lyuw#}]"
    ],
    "_meanings": [
        "{@--1@} Sinking,\nplunging, sinking under water, \nimmersion. ",
        "{@--2@} Inundating, deluging.\n",
        "{@--3@} Bathing, ablution:  \n{#pratyagramajjanaviSezaviviktakAMtiH#} <ls>Ratn. 1. 21</ls>;  \n<ls>R. 16. 57.</ls> ",
        "{@--4@} Drowning. ",
        "{@--5@} The \nmarrow of the bones and flesh (= {#majjan#})."
    ]
}