{
    "__line": 190461,
    "_ancestry": [
        "L_ 22703",
        "B_ {#manyumat#}"
    ],
    "_banner": "{#manyumat#}",
    "_bannerExp": [
        {
            "Right": "manyumat"
        }
    ],
    "_gram": [
        "{%<ab>a.</ab>%}"
    ],
    "_meanings": [
        "{@--1@} Angry, wrathful. ",
        "{@--2@}\nSorrowful, distressed. ",
        "{@--3@} Spirited,\nenergetic. ",
        "{@--4@} Vehement, passionate.\n"
    ],
    "_morphisms": [
        {
            "__line": 190464,
            "_ancestry": [
                "L_ 22703",
                "B_ {#manyumat#}",
                "M_ {%--<ab>m.</ab>%}"
            ],
            "_bannerExp": [
                {
                    "Right": "manyumat"
                }
            ],
            "_gram": [
                "{%--<ab>m.</ab>%}"
            ],
            "_meanings": [
                "An epithet of Agni."
            ]
        }
    ]
}