{
    "__line": 192680,
    "_ancestry": [
        "L_ 22884",
        "B_ {#mA#}"
    ],
    "_banner": "{#mA#}",
    "_bannerExp": [
        {
            "Right": "mA"
        }
    ],
    "_gram": [
        "{c2c}",
        "<ab>P.</ab>",
        "{c3c}",
        "{c4c}",
        "<ab>A.</ab>",
        "({#mAti, mimIte#} or\n{#mIyate, mita#})"
    ],
    "_meanings": [
        "{@--1@} To measure; {#nyaDita#}\n{#mimAna ivAvaniM padAni#} <ls>Śi. 7. 13</ls>; <ls n=\"Śi.\">9. 2.</ls>\n",
        "{@--2@} To measure or mark off, limit;\nsee {#mita#}. ",
        "{@--3@} To compare with (in\nsize), measure by any standard;\n<ls>Ku. 5. 15.</ls> ",
        "{@--4@} To be in, find room\nor space in, be contained or \ncomprised in; {#tanO mamustatra na#} \n{#kEwaBadvizastapoDanAByAgamasaMBavA mudaH#} <ls>Śi. 1. 23</ls>;\n{#vfdDiM gatepyAtmani nEva mAMtIH#} <ls n=\"Śi.\">3. 73</ls>;  \n<ls n=\"Śi.\">10. 50</ls>; <ls n=\"Śi.\">14. 75</ls>, <ls n=\"Śi.\">13. 2</ls>, <ls n=\"Śi.\">5. 44</ls>; {#mAti#} \n{#mAtumaSakyo'pi yaSorASiryadatra te#} <ls>K. P. 10.</ls>\n",
        "{@--5@} To prepare, arrange. ",
        "{@--6@} To infer,\nconclude. ",
        "{@--7@} To form, make, build,\nconstruct. ",
        "{@--8@} To assign, mete out,\napportion. ",
        "{@--9@} To show, display. ",
        "{@--10@}\nTo roar, sound. "
    ],
    "_morphisms": [
        {
            "__line": 192697,
            "_ancestry": [
                "L_ 22884",
                "B_ {#mA#}",
                "M_ {%--<ab>Caus.</ab>%}"
            ],
            "_bannerExp": [
                {
                    "Right": "mA"
                }
            ],
            "_gram": [
                "{%--<ab>Caus.</ab>%}",
                "({#mApayati-te#})"
            ],
            "_meanings": [
                "To cause to be measured, measure or\nmete out; {#etena mApayati Bittizu#} \n{#karmamArgaM#} <ls>Mk. 3. 16.</ls> "
            ]
        },
        {
            "__line": 192700,
            "_ancestry": [
                "L_ 22884",
                "B_ {#mA#}",
                "M_ {%--<ab>Desid.</ab>%}"
            ],
            "_bannerExp": [
                {
                    "Right": "mA"
                }
            ],
            "_gram": [
                "{%--<ab>Desid.</ab>%}",
                "({#mitsati-te#})"
            ],
            "_meanings": [
                "To wish to measure &c."
            ]
        }
    ]
}