{
    "__line": 193690,
    "_ancestry": [
        "L_ 22996",
        "B_ {#mAnasika#}"
    ],
    "_banner": "{#mAnasika#}",
    "_bannerExp": [
        {
            "Right": "mAnasikI"
        },
        {
            "Right": "mAnasika"
        }
    ],
    "_gram": [
        "{%<ab>a.</ab>%}",
        "({#kI#}|{%<ab>f.</ab>%})"
    ],
    "_meanings": [
        "Mental, \nspiritual. "
    ],
    "_morphisms": [
        {
            "__line": 193691,
            "_ancestry": [
                "L_ 22996",
                "B_ {#mAnasika#}",
                "M_ {#--kaH#}"
            ],
            "_banner": "{#--kaH#}",
            "_bannerExp": [
                {
                    "Right": "mAnasikaH"
                }
            ],
            "_meanings": [
                "An epithet of Viṣṇu."
            ]
        }
    ]
}