{
    "__line": 197093,
    "_ancestry": [
        "L_ 23391",
        "B_ {#mfgayA#}"
    ],
    "_banner": "{#mfgayA#}",
    "_bannerExp": [
        {
            "Right": "mfgayA"
        }
    ],
    "_gram": [
        "[{#mfgaM yAtyanayA yA GaYarTa ka#}]"
    ],
    "_meanings": [
        "Hunting, chase; {#miTyEva vyasanaM vadaMti#}\n{#mfgayamIdfgvinodaH kutaH#} <ls>Ś. 2. 5</ls>;  \n{#mfgayApavAdinA mAWavyena#} <ls>Ś. 2</ls>; so {#mfgayAveza#}.  \n{#mfgayAvihArin#} &c. "
    ],
    "_samasas": [
        {
            "__line": 197097,
            "_ancestry": [
                "L_ 23391",
                "B_ {#mfgayA#}",
                "S_  {#--araRyaM, --banaM#}"
            ],
            "_banner": " {#--araRyaM, --banaM#}",
            "_bannerExp": [
                {
                    "Right": "mfgayAbanaM"
                },
                {
                    "Right": "mfgayAraRyaM"
                }
            ],
            "_meanings": [
                "a park. "
            ]
        },
        {
            "__line": 197098,
            "_ancestry": [
                "L_ 23391",
                "B_ {#mfgayA#}",
                "S_ {#--yAnaM#}"
            ],
            "_banner": "{#--yAnaM#}",
            "_bannerExp": [
                {
                    "Right": "mfgayAyAnaM"
                }
            ],
            "_meanings": [
                "a hunting \nexpedition."
            ]
        }
    ]
}