{
    "__line": 197189,
    "_ancestry": [
        "L_ 23407",
        "B_ {#mfRAlaH --laM#}"
    ],
    "_banner": "{#mfRAlaH --laM#}",
    "_bannerExp": [
        {
            "Right": "mfRAlaH"
        },
        {
            "Right": "mfRAlaM"
        }
    ],
    "_gram": [
        "[{#mfRa-kAlan#}]"
    ],
    "_meanings": [
        "The \nfibrous root of a lotus. a lotus-fibre: {#BaMge'pi#}\n{#hi mfRAlAmanubaDnaMti taMtavaH#} <ls>H. 1. 95</ls>;\n{#sUtraM mfRAlAdiva rAhahaMsI#} <ls>V. 1. 19</ls>;  \n<ls>Rs. 1. 19</ls>: <ls>V. 3. 13.</ls> "
    ],
    "_morphisms": [
        {
            "__line": 197193,
            "_ancestry": [
                "L_ 23407",
                "B_ {#mfRAlaH --laM#}",
                "M_ {#--la#}"
            ],
            "_banner": "{#--la#}",
            "_bannerExp": [
                {
                    "Right": "mfRAla"
                }
            ],
            "_meanings": [
                "The root of a\nfragrant grass ({#vIraRamUla#}) "
            ]
        }
    ],
    "_samasas": [
        {
            "__line": 197194,
            "_ancestry": [
                "L_ 23407",
                "B_ {#mfRAlaH --laM#}",
                "S_ \n{#--BaMgaH#}"
            ],
            "_banner": "\n{#--BaMgaH#}",
            "_bannerExp": [
                {
                    "Right": "mfRAlaBaMgaH"
                }
            ],
            "_meanings": [
                "a bit of a lotus-fibre. "
            ]
        },
        {
            "__line": 197195,
            "_ancestry": [
                "L_ 23407",
                "B_ {#mfRAlaH --laM#}",
                "S_ {#--sUtraM#}"
            ],
            "_banner": "{#--sUtraM#}",
            "_bannerExp": [
                {
                    "Right": "mfRAlasUtraM"
                }
            ],
            "_meanings": [
                "the fibre of a lotus-stalk."
            ]
        }
    ]
}