{
    "__line": 198182,
    "_ancestry": [
        "L_ 23542",
        "B_ {#mowanaM, mowanakaM#}"
    ],
    "_banner": "{#mowanaM, mowanakaM#}",
    "_bannerExp": [
        {
            "Right": "mowanaM"
        },
        {
            "Right": "mowanakaM"
        }
    ],
    "_meanings": [
        "Crushing, pressing,\ngrinding, breaking. "
    ],
    "_morphisms": [
        {
            "__line": 198183,
            "_ancestry": [
                "L_ 23542",
                "B_ {#mowanaM, mowanakaM#}",
                "M_ {#--naH#}"
            ],
            "_banner": "{#--naH#}",
            "_bannerExp": [
                {
                    "Right": "mowanaH"
                }
            ],
            "_meanings": [
                "Wind,\nair."
            ]
        }
    ]
}