{
    "__line": 199771,
    "_ancestry": [
        "L_ 23684",
        "B_ {#yaMtf#}"
    ],
    "_banner": "{#yaMtf#}",
    "_bannerExp": [
        {
            "Right": "yaMtf"
        }
    ],
    "_meanings": [
        "{%a%} [{#yam-tfc#}] ",
        "{@--1@} Restraining, \ncurbing, controlling. ",
        "{@--2@} Guiding, \ndirecting. "
    ],
    "_morphisms": [
        {
            "__line": 199773,
            "_ancestry": [
                "L_ 23684",
                "B_ {#yaMtf#}",
                "M_ {%--<ab>m.</ab>%}"
            ],
            "_bannerExp": [
                {
                    "Right": "yaMtf"
                }
            ],
            "_gram": [
                "{%--<ab>m.</ab>%}"
            ],
            "_meanings": [
                "{@--1@} A director, \ngovernor, ruler. ",
                "{@--2@} A driver (as of\nan elephant, carriage &c.); coachman,\ncharioteer; {#yaMtA gajasyAByapatadgajasTaM#}\n<ls>R. 7. 37</ls>; {#aTa yaMtAramAdiSya DuryAn#} \n{#viSrAmayeti saH#} <ls n=\"R.\">1. 54.</ls> ",
                "{@--3@} An \nelephantdriver or rider."
            ]
        }
    ]
}