{
    "__line": 200674,
    "_ancestry": [
        "L_ 23779",
        "B_ {#yAdfkza#}"
    ],
    "_banner": "{#yAdfkza#}",
    "_bannerExp": [
        {
            "Left": "fFromGramCore error: yAdfkza  SI"
        },
        {
            "Right": "yAdfkzI"
        },
        {
            "Right": "yAdfkza"
        }
    ],
    "_gram": [
        "{%<ab>a.</ab>%}",
        "({#kzI#}|{%<ab>f.</ab>%})",
        "{#yAdfS, yAdfSa#}",
        "{%<ab>a.</ab>%}",
        "({#SI#}|{%<ab>f.</ab>%})"
    ],
    "_meanings": [
        "What like, of which sort\nor nature; <ls>Ms. 1. 42</ls>; <ls>Bg. 13. 3.</ls>"
    ]
}