{
    "__line": 201373,
    "_ancestry": [
        "L_ 23846",
        "B_ {#yuDma#}"
    ],
    "_banner": "{#yuDma#}",
    "_bannerExp": [
        {
            "Right": "yuDma"
        }
    ],
    "_gram": [
        "{%<ab>a.</ab>%}"
    ],
    "_meanings": [
        "<ab>Ved.</ab> Martial, warlike.\n"
    ],
    "_morphisms": [
        {
            "__line": 201374,
            "_ancestry": [
                "L_ 23846",
                "B_ {#yuDma#}",
                "M_ {#--DmaH#}"
            ],
            "_banner": "{#--DmaH#}",
            "_bannerExp": [
                {
                    "Right": "yuDmaH"
                }
            ],
            "_meanings": [
                "{@--1@} A warrior. ",
                "{@--2@} A battle. ",
                "{@--3@}\nAn arrow. ",
                "{@--4@} A bow."
            ]
        }
    ]
}