{
    "__line": 202013,
    "_ancestry": [
        "L_ 23903",
        "B_ {#yOna#}"
    ],
    "_banner": "{#yOna#}",
    "_bannerExp": [
        {
            "Right": "yOnI"
        },
        {
            "Right": "yOna"
        }
    ],
    "_gram": [
        "{%<ab>a.</ab>%}",
        "({#nI#}|{%<ab>f.</ab>%})",
        "[{#yonitaH#} \n{#yonisaMbaMDAt AgataM aR#}]"
    ],
    "_meanings": [
        "{@--1@} Uterine. ",
        "{@--2@} \nResulting from marriage, matrimonial;\n<ls>Ms. 2. 40.</ls> "
    ],
    "_morphisms": [
        {
            "__line": 202016,
            "_ancestry": [
                "L_ 23903",
                "B_ {#yOna#}",
                "M_ {#--naM#}"
            ],
            "_banner": "{#--naM#}",
            "_bannerExp": [
                {
                    "Right": "yOnaM"
                }
            ],
            "_meanings": [
                "Marriage, \nmatrimonial alliance; <ls>Ms. 11. 180.</ls>"
            ]
        }
    ]
}