{
    "__line": 204352,
    "_ancestry": [
        "L_ 24100",
        "B_ {#rAwiH#}"
    ],
    "_banner": "{#rAwiH#}",
    "_bannerExp": [
        {
            "Right": "rAwiH"
        }
    ],
    "_meanings": [
        "A bird. "
    ],
    "_morphisms": [
        {
            "__line": 204352,
            "_ancestry": [
                "L_ 24100",
                "B_ {#rAwiH#}",
                "M_ {%--<ab>f.</ab>%}"
            ],
            "_bannerExp": [
                {
                    "Right": "rAwiH"
                }
            ],
            "_gram": [
                "{%--<ab>f.</ab>%}"
            ],
            "_meanings": [
                "War, battle."
            ]
        }
    ]
}