{
    "__line": 204498,
    "_ancestry": [
        "L_ 24116",
        "B_ {#rADanaM#}"
    ],
    "_banner": "{#rADanaM#}",
    "_bannerExp": [
        {
            "Right": "rADanaM"
        }
    ],
    "_gram": [
        "[{#rAD-lyuw#}]"
    ],
    "_meanings": [
        "{@--1@} Propitiating,\nconciliating. ",
        "{@--2@} Pleasure, \nsatisfaction. ",
        "{@--3@} Accomplishing, effecting,\ncompletion. ",
        "{@--4@} Acquisition, going.\n",
        "{@--5@} The means of accomplishing\nanything. "
    ],
    "_morphisms": [
        {
            "__line": 204503,
            "_ancestry": [
                "L_ 24116",
                "B_ {#rADanaM#}",
                "M_ {#--nA#}"
            ],
            "_banner": "{#--nA#}",
            "_bannerExp": [
                {
                    "Right": "rADanA"
                }
            ],
            "_meanings": [
                "Speech. "
            ]
        },
        {
            "__line": 204503,
            "_ancestry": [
                "L_ 24116",
                "B_ {#rADanaM#}",
                "M_ {#--nI#}"
            ],
            "_banner": "{#--nI#}",
            "_bannerExp": [
                {
                    "Right": "rADanI"
                }
            ],
            "_meanings": [
                "Worship."
            ]
        }
    ]
}