{
    "__line": 24571,
    "_ancestry": [
        "L_ 2425",
        "B_ {#apamftyuH#}"
    ],
    "_banner": "{#apamftyuH#}",
    "_bannerExp": [
        {
            "Right": "apamftyuH"
        }
    ],
    "_gram": [
        "[{#apakfzwo duzwahetujanyatvena mftyuH#}]"
    ],
    "_meanings": [
        "{@--1@} Sudden or untimely death, \naccidental or unnatural death;  \n{#Bartfsakto'pamftyustasya saMcarati#} <ls>Pt. 4.</ls> ",
        "{@--2@}\nAny great danger, illness &c. from\nwhich a person, hopelessly given up\nfor lost, recovers, quite contrary to\nexpectation."
    ]
}