{
    "__line": 205960,
    "_ancestry": [
        "L_ 24287",
        "B_ {#retaM#}"
    ],
    "_banner": "{#retaM#}",
    "_bannerExp": [
        {
            "Right": "retaM"
        }
    ],
    "_meanings": [
        "Semen virile. "
    ],
    "_samasas": [
        {
            "__line": 205960,
            "_ancestry": [
                "L_ 24287",
                "B_ {#retaM#}",
                "S_  {#--jaM#}"
            ],
            "_banner": " {#--jaM#}",
            "_bannerExp": [
                {
                    "Right": "retajaM"
                }
            ],
            "_meanings": [
                "an\noffspring or child. "
            ]
        },
        {
            "__line": 205961,
            "_ancestry": [
                "L_ 24287",
                "B_ {#retaM#}",
                "S_ {#--jA#}"
            ],
            "_banner": "{#--jA#}",
            "_bannerExp": [
                {
                    "Right": "retajA"
                }
            ],
            "_meanings": [
                "sand."
            ]
        }
    ]
}