{
    "__line": 206704,
    "_ancestry": [
        "L_ 24395",
        "B_ {#lakzman#}"
    ],
    "_banner": "{#lakzman#}",
    "_bannerExp": [
        {
            "Right": "lakzman"
        }
    ],
    "_gram": [
        "{%<ab>n.</ab>%}",
        "[{#lakz-manin#}]"
    ],
    "_meanings": [
        "{@--1@} A mark,\nsign, token, characteristic;  \n<ls>Śi. 11. 30</ls>; <ls n=\"Śi.\">8. 41</ls>, <ls>Ki. 11. 18</ls>; <ls n=\"Ki.\">14. 64</ls>;\n<ls>R. 19. 30</ls>; <ls>Ku. 7. 43.</ls> ",
        "{@--2@} A speck,\nspot; {#malinamapi himAMSArlekzma lakzmIM#} \n{#tanoti#} <ls>Ś. 1. 20</ls>; <ls>Māl. 9. 25.</ls> ",
        "{@--3@} \nDefinition. ",
        "{@--4@} The chief, principal\n({#praDAna#}). "
    ],
    "_morphisms": [
        {
            "__line": 206711,
            "_ancestry": [
                "L_ 24395",
                "B_ {#lakzman#}",
                "M_ {%--<ab>m.</ab>%}"
            ],
            "_bannerExp": [
                {
                    "Right": "lakzman"
                }
            ],
            "_gram": [
                "{%--<ab>m.</ab>%}"
            ],
            "_meanings": [
                "{@--1@} The crane or\nSārasa bird. ",
                "{@--2@} <ab>N.</ab> of Lakṣmaṇa."
            ]
        }
    ]
}