{
    "__line": 207875,
    "_ancestry": [
        "L_ 24511",
        "B_ {#lavaH#}"
    ],
    "_banner": "{#lavaH#}",
    "_bannerExp": [
        {
            "Right": "lavaH"
        }
    ],
    "_gram": [
        "[{#lU-ap#}]"
    ],
    "_meanings": [
        "{@--1@} Plucking, \nmowing. ",
        "{@--2@} Reaping, gathering (of\ncorn). ",
        "{@--3@} A section, piece, fragment,\nbit. ",
        "{@--4@} A particle, drop, small\nquantity; a little; <ab>oft.</ab> at the end\nof <ab>comp.</ab> in this sense; {#jalalavamucaH#}\n<ls>Me. 21</ls>, <ls n=\"Me.\">70</ls>; {#AcAmAti svedalavAn muKe#}\n{#te#} <ls>R. 13. 20</ls>, <ls n=\"R.\">6. 57</ls>, <ls n=\"R.\">16. 66</ls>; {#aSru°#}\n<ls n=\"R.\">15. 97</ls>; {#amfta°#} <ls>Ki. 5. 44</ls>;  \n{#BrUkzepalakzmIlavakrIte dAsa iva#} <ls>Gīt. 11</ls>; so {#tfRa°#},\n{#aparADa°, jYAna°, suKa°, Dana°#} &c. &c.\n",
        "{@--5@} Wool, hair. ",
        "{@--6@} Sport. ",
        "{@--7@} A\nminute division of time (=the\nsixth part of a twinkling). ",
        "{@--8@} The\nnumerator of a fraction. ",
        "{@--9@} A \ndegree (in <ab>astr.</ab>). ",
        "{@--10@} Loss, \ndestruction. ",
        "{@--11@} <ab>N.</ab> of a son of\nRāma, one of the twins, the other\nbeing Kuśa <ab>q. v.</ab> He with his\nbrother was brought up by the\nsage Vālmīki, and they were\ntaught by the poet to repeat his\nRāmāyaṇa at assemblies &c.; (for\nthe derivation of his name, see  \n<ls>R. 15. 32</ls>). ",
        "{@--12@} A kind of quail. "
    ],
    "_morphisms": [
        {
            "__line": 207899,
            "_ancestry": [
                "L_ 24511",
                "B_ {#lavaH#}",
                "M_ {#--vaM#}"
            ],
            "_banner": "{#--vaM#}",
            "_bannerExp": [
                {
                    "Right": "lavaM"
                }
            ],
            "_meanings": [
                "{@--1@} Cloves. ",
                "{@--2@} Nutmeg. "
            ]
        },
        {
            "__line": 207900,
            "_ancestry": [
                "L_ 24511",
                "B_ {#lavaH#}",
                "M_ {#--vaM#}"
            ],
            "_banner": "{#--vaM#}",
            "_bannerExp": [
                {
                    "Right": "lavaM"
                }
            ],
            "_gram": [
                "{%<ab>ind.</ab>%}"
            ],
            "_meanings": [
                "A\nlittle; {#lavamapi lavaMge na ramate#} Sar.\n<ls>K. 1.</ls>"
            ]
        }
    ]
}