{
    "__line": 208784,
    "_ancestry": [
        "L_ 24638",
        "B_ {#lipta#}"
    ],
    "_banner": "{#lipta#}",
    "_bannerExp": [
        {
            "Right": "lipta"
        }
    ],
    "_gram": [
        "{%<ab>p. p.</ab>%}",
        "[{#lip-kta#}]"
    ],
    "_meanings": [
        "{@--1@} Anointed,\nsmeared, besmeared, covered. ",
        "{@--2@}\nStained, soiled, polluted, defiled.\n",
        "{@--3@} Poisoned, envenomed (as an\narrow). ",
        "{@--4@} Eaten. ",
        "{@--5@} United,\njoined."
    ]
}