{
    "__line": 210086,
    "_ancestry": [
        "L_ 24792",
        "B_ {#loha#}"
    ],
    "_banner": "{#loha#}",
    "_bannerExp": [
        {
            "Right": "loha"
        }
    ],
    "_gram": [
        "{%<ab>a.</ab>%}"
    ],
    "_meanings": [
        "{@--1@} Red, reddish. ",
        "{@--2@} Made\nof copper, coppery. ",
        "{@--3@} Made of\niron. "
    ],
    "_morphisms": [
        {
            "__line": 210088,
            "_ancestry": [
                "L_ 24792",
                "B_ {#loha#}",
                "M_ {#--haH, --haM#}"
            ],
            "_banner": "{#--haH, --haM#}",
            "_bannerExp": [
                {
                    "Right": "lohaH"
                },
                {
                    "Right": "lohaM"
                }
            ],
            "_meanings": [
                "{@--1@} Copper. ",
                "{@--2@} Iron.\n",
                "{@--3@} Steel. ",
                "{@--4@} Any metal. ",
                "{@--5@} Gold.\n",
                "{@--6@} Blood. ",
                "{@--7@} A weapon;  \n<ls>Ms. 9. 321.</ls> ",
                "{@--8@} A fish-hook. "
            ]
        },
        {
            "__line": 210091,
            "_ancestry": [
                "L_ 24792",
                "B_ {#loha#}",
                "M_ {#--haH#}"
            ],
            "_banner": "{#--haH#}",
            "_bannerExp": [
                {
                    "Right": "lohaH"
                }
            ],
            "_meanings": [
                "The red\ngoat. "
            ]
        },
        {
            "__line": 210092,
            "_ancestry": [
                "L_ 24792",
                "B_ {#loha#}",
                "M_ {#--haM#}"
            ],
            "_banner": "{#--haM#}",
            "_bannerExp": [
                {
                    "Right": "lohaM"
                }
            ],
            "_meanings": [
                "Aloe-wood. "
            ]
        }
    ],
    "_samasas": [
        {
            "__line": 210092,
            "_ancestry": [
                "L_ 24792",
                "B_ {#loha#}",
                "S_  {#--ajaH#}"
            ],
            "_banner": " {#--ajaH#}",
            "_bannerExp": [
                {
                    "Right": "lohAjaH"
                }
            ],
            "_meanings": [
                "the red goat. "
            ]
        },
        {
            "__line": 210093,
            "_ancestry": [
                "L_ 24792",
                "B_ {#loha#}",
                "S_ {#--aBisAraH, --aBihAraH#}"
            ],
            "_banner": "{#--aBisAraH, --aBihAraH#}",
            "_bannerExp": [
                {
                    "Right": "lohABihAraH"
                },
                {
                    "Right": "lohABisAraH"
                }
            ],
            "_meanings": [
                "<ab>N.</ab> of a military ceremony \nresembling {#nIrAjana#} <ab>q. v.</ab> "
            ]
        },
        {
            "__line": 210095,
            "_ancestry": [
                "L_ 24792",
                "B_ {#loha#}",
                "S_ {#--AmizaH#}"
            ],
            "_banner": "{#--AmizaH#}",
            "_bannerExp": [
                {
                    "Right": "lohAmizaH"
                }
            ],
            "_meanings": [
                "the\nflesh of the red-haired goat. "
            ]
        },
        {
            "__line": 210096,
            "_ancestry": [
                "L_ 24792",
                "B_ {#loha#}",
                "S_ {#--uttamaM#}"
            ],
            "_banner": "{#--uttamaM#}",
            "_bannerExp": [
                {
                    "Right": "lohottamaM"
                }
            ],
            "_meanings": [
                "gold. "
            ]
        },
        {
            "__line": 210097,
            "_ancestry": [
                "L_ 24792",
                "B_ {#loha#}",
                "S_ {#--kAMtaH#}"
            ],
            "_banner": "{#--kAMtaH#}",
            "_bannerExp": [
                {
                    "Right": "lohakAMtaH"
                }
            ],
            "_meanings": [
                "a loadstone, magnet.\n"
            ]
        },
        {
            "__line": 210098,
            "_ancestry": [
                "L_ 24792",
                "B_ {#loha#}",
                "S_ {#--kAraH#}"
            ],
            "_banner": "{#--kAraH#}",
            "_bannerExp": [
                {
                    "Right": "lohakAraH"
                }
            ],
            "_meanings": [
                "a blacksmith. "
            ]
        },
        {
            "__line": 210098,
            "_ancestry": [
                "L_ 24792",
                "B_ {#loha#}",
                "S_ {#--kiwwaM#}"
            ],
            "_banner": "{#--kiwwaM#}",
            "_bannerExp": [
                {
                    "Right": "lohakiwwaM"
                }
            ],
            "_meanings": [
                "rust of\niron. "
            ]
        },
        {
            "__line": 210099,
            "_ancestry": [
                "L_ 24792",
                "B_ {#loha#}",
                "S_ {#--GAtakaH#}"
            ],
            "_banner": "{#--GAtakaH#}",
            "_bannerExp": [
                {
                    "Right": "lohaGAtakaH"
                }
            ],
            "_meanings": [
                "a blacksmith. "
            ]
        },
        {
            "__line": 210099,
            "_ancestry": [
                "L_ 24792",
                "B_ {#loha#}",
                "S_ {#--cUrRaM#}"
            ],
            "_banner": "{#--cUrRaM#}",
            "_bannerExp": [
                {
                    "Right": "lohacUrRaM"
                }
            ],
            "_meanings": [
                "iron-filings, rust of iron. "
            ]
        },
        {
            "__line": 210100,
            "_ancestry": [
                "L_ 24792",
                "B_ {#loha#}",
                "S_ {#--jaM#}"
            ],
            "_banner": "{#--jaM#}",
            "_bannerExp": [
                {
                    "Right": "lohajaM"
                }
            ],
            "_meanings": [
                "{1}\nbell-metal. ",
                "{2} iron-filings. "
            ]
        },
        {
            "__line": 210101,
            "_ancestry": [
                "L_ 24792",
                "B_ {#loha#}",
                "S_ {#--jAMlaM#}"
            ],
            "_banner": "{#--jAMlaM#}",
            "_bannerExp": [
                {
                    "Right": "lohajAMlaM"
                }
            ],
            "_meanings": [
                "a\ncoat of mail. "
            ]
        },
        {
            "__line": 210102,
            "_ancestry": [
                "L_ 24792",
                "B_ {#loha#}",
                "S_ {#--jit#}"
            ],
            "_banner": "{#--jit#}",
            "_bannerExp": [
                {
                    "Right": "lohajit"
                }
            ],
            "_gram": [
                "{%<ab>m.</ab>%}"
            ],
            "_meanings": [
                "a diamond.\n"
            ]
        },
        {
            "__line": 210103,
            "_ancestry": [
                "L_ 24792",
                "B_ {#loha#}",
                "S_ {#--drAvin#}"
            ],
            "_banner": "{#--drAvin#}",
            "_bannerExp": [
                {
                    "Right": "lohadrAvin"
                }
            ],
            "_gram": [
                "{%<ab>m.</ab>%}"
            ],
            "_meanings": [
                "borax. "
            ]
        },
        {
            "__line": 210103,
            "_ancestry": [
                "L_ 24792",
                "B_ {#loha#}",
                "S_ {#--nAlaH#}"
            ],
            "_banner": "{#--nAlaH#}",
            "_bannerExp": [
                {
                    "Right": "lohanAlaH"
                }
            ],
            "_meanings": [
                "an iron\narrow. "
            ]
        },
        {
            "__line": 210104,
            "_ancestry": [
                "L_ 24792",
                "B_ {#loha#}",
                "S_ {#--pfzWaH#}"
            ],
            "_banner": "{#--pfzWaH#}",
            "_bannerExp": [
                {
                    "Right": "lohapfzWaH"
                }
            ],
            "_meanings": [
                "a heron. "
            ]
        },
        {
            "__line": 210104,
            "_ancestry": [
                "L_ 24792",
                "B_ {#loha#}",
                "S_ {#--pratimA#}"
            ],
            "_banner": "{#--pratimA#}",
            "_bannerExp": [
                {
                    "Right": "lohapratimA"
                }
            ],
            "_meanings": [
                "{1} an\nanvil. ",
                "{2} an iron image. "
            ]
        },
        {
            "__line": 210105,
            "_ancestry": [
                "L_ 24792",
                "B_ {#loha#}",
                "S_ {#--vadDa#}"
            ],
            "_banner": "{#--vadDa#}",
            "_bannerExp": [
                {
                    "Right": "lohavadDa"
                }
            ],
            "_gram": [
                "{%<ab>a.</ab>%}"
            ],
            "_meanings": [
                "tipped or studded with iron.  \n"
            ]
        },
        {
            "__line": 210107,
            "_ancestry": [
                "L_ 24792",
                "B_ {#loha#}",
                "S_ {#--mAraka#}"
            ],
            "_banner": "{#--mAraka#}",
            "_bannerExp": [
                {
                    "Right": "lohamAraka"
                }
            ],
            "_gram": [
                "{%<ab>a.</ab>%}"
            ],
            "_meanings": [
                "calcining a metal. "
            ]
        },
        {
            "__line": 210107,
            "_ancestry": [
                "L_ 24792",
                "B_ {#loha#}",
                "S_ {#--muktikA#}"
            ],
            "_banner": "{#--muktikA#}",
            "_bannerExp": [
                {
                    "Right": "lohamuktikA"
                }
            ],
            "_meanings": [
                "red pearl. "
            ]
        },
        {
            "__line": 210108,
            "_ancestry": [
                "L_ 24792",
                "B_ {#loha#}",
                "S_ {#--rajas#}"
            ],
            "_banner": "{#--rajas#}",
            "_bannerExp": [
                {
                    "Right": "loharajas"
                }
            ],
            "_gram": [
                "{%<ab>n.</ab>%}"
            ],
            "_meanings": [
                "rust of iron.\n"
            ]
        },
        {
            "__line": 210109,
            "_ancestry": [
                "L_ 24792",
                "B_ {#loha#}",
                "S_ {#--rAjakaM#}"
            ],
            "_banner": "{#--rAjakaM#}",
            "_bannerExp": [
                {
                    "Right": "loharAjakaM"
                }
            ],
            "_meanings": [
                "silver. "
            ]
        },
        {
            "__line": 210109,
            "_ancestry": [
                "L_ 24792",
                "B_ {#loha#}",
                "S_ {#--liMgaM#}"
            ],
            "_banner": "{#--liMgaM#}",
            "_bannerExp": [
                {
                    "Right": "lohaliMgaM"
                }
            ],
            "_meanings": [
                "a boil filled\nwith blood. "
            ]
        },
        {
            "__line": 210110,
            "_ancestry": [
                "L_ 24792",
                "B_ {#loha#}",
                "S_ {#--varaM#}"
            ],
            "_banner": "{#--varaM#}",
            "_bannerExp": [
                {
                    "Right": "lohavaraM"
                }
            ],
            "_meanings": [
                "gold. "
            ]
        },
        {
            "__line": 210110,
            "_ancestry": [
                "L_ 24792",
                "B_ {#loha#}",
                "S_ {#--varman#}"
            ],
            "_banner": "{#--varman#}",
            "_bannerExp": [
                {
                    "Right": "lohavarman"
                }
            ],
            "_gram": [
                "{%<ab>n.</ab>%}"
            ],
            "_meanings": [
                "iron-armour, mail. "
            ]
        },
        {
            "__line": 210111,
            "_ancestry": [
                "L_ 24792",
                "B_ {#loha#}",
                "S_ {#--SaMkuH#}"
            ],
            "_banner": "{#--SaMkuH#}",
            "_bannerExp": [
                {
                    "Right": "lohaSaMkuH"
                }
            ],
            "_meanings": [
                "an iron\nspike. "
            ]
        },
        {
            "__line": 210112,
            "_ancestry": [
                "L_ 24792",
                "B_ {#loha#}",
                "S_ {#--SlezaRaH#}"
            ],
            "_banner": "{#--SlezaRaH#}",
            "_bannerExp": [
                {
                    "Right": "lohaSlezaRaH"
                }
            ],
            "_meanings": [
                "borax. "
            ]
        },
        {
            "__line": 210112,
            "_ancestry": [
                "L_ 24792",
                "B_ {#loha#}",
                "S_ {#--saMkaraM#}"
            ],
            "_banner": "{#--saMkaraM#}",
            "_bannerExp": [
                {
                    "Right": "lohasaMkaraM"
                }
            ],
            "_meanings": [
                "blue\nsteel."
            ]
        }
    ]
}