{
    "__line": 210367,
    "_ancestry": [
        "L_ 24815",
        "B_ {#vaMSika#}"
    ],
    "_banner": "{#vaMSika#}",
    "_bannerExp": [
        {
            "Right": "vaMSika"
        }
    ],
    "_gram": [
        "{%<ab>a.</ab>%}"
    ],
    "_meanings": [
        "Lineal, genealogical.\n"
    ],
    "_morphisms": [
        {
            "__line": 210368,
            "_ancestry": [
                "L_ 24815",
                "B_ {#vaMSika#}",
                "M_ {#--kaM#}"
            ],
            "_banner": "{#--kaM#}",
            "_bannerExp": [
                {
                    "Right": "vaMSikaM"
                }
            ],
            "_meanings": [
                "Aloe-wood."
            ]
        }
    ]
}