{
    "__line": 210586,
    "_ancestry": [
        "L_ 24842",
        "B_ {#vakzas#}"
    ],
    "_banner": "{#vakzas#}",
    "_bannerExp": [
        {
            "Right": "vakzas"
        }
    ],
    "_gram": [
        "{%<ab>n.</ab>%}",
        "[{#vah asun suw ca#}]"
    ],
    "_meanings": [
        "{@--1@} The\nbreast, bosom, chest; {#kapAwavakzAH#} \n{#pariRadDakaMDaraH#} <ls>R. 3. 34.</ls> ",
        "{@--2@} <ab>Ved.</ab>\nStrength. "
    ],
    "_morphisms": [
        {
            "__line": 210589,
            "_ancestry": [
                "L_ 24842",
                "B_ {#vakzas#}",
                "M_ {%--<ab>m.</ab>%}"
            ],
            "_bannerExp": [
                {
                    "Right": "vakzas"
                }
            ],
            "_gram": [
                "{%--<ab>m.</ab>%}"
            ],
            "_meanings": [
                "An ox, a bull. "
            ]
        }
    ],
    "_samasas": [
        {
            "__line": 210589,
            "_ancestry": [
                "L_ 24842",
                "B_ {#vakzas#}",
                "S_ \n{#--jaH, --ruh, --ruhaH#},"
            ],
            "_banner": "\n{#--jaH, --ruh, --ruhaH#},",
            "_bannerExp": [
                {
                    "Right": "vakzojaH"
                },
                {
                    "Right": "vakzoruh"
                },
                {
                    "Right": "vakzoruhaH"
                }
            ],
            "_gram": [
                "({#vakzojaH, vakzoruh#}|{#vakzoruhaH#})"
            ],
            "_meanings": [
                "the female breast;  \n<ls>Bv. 2. 17.</ls> "
            ]
        },
        {
            "__line": 210592,
            "_ancestry": [
                "L_ 24842",
                "B_ {#vakzas#}",
                "S_ {#--sTalaM#}"
            ],
            "_banner": "{#--sTalaM#}",
            "_bannerExp": [
                {
                    "Right": "vakzaHsTalaM"
                }
            ],
            "_gram": [
                "({#vakza#}|{#vakzaH --sTalaM#})"
            ],
            "_meanings": [
                "the\nbreast or bosom."
            ]
        }
    ]
}