{
    "__line": 211109,
    "_ancestry": [
        "L_ 24907",
        "B_ {#vaRij#}"
    ],
    "_banner": "{#vaRij#}",
    "_bannerExp": [
        {
            "Right": "vaRij"
        }
    ],
    "_gram": [
        "{%<ab>m.</ab>%}",
        "[<ls>Uṇ. 2. 70</ls>]"
    ],
    "_meanings": [
        "{@--1@} A\nmerchant, trader; {#yasyAgamaH#} \n{#kevalajIvikAyE taM jYAnapaRyaM vaRijaM vadaMti#}  \n<ls>M. 1. 17.</ls> ",
        "{@--2@} The sign {%Libra%} of the\nzodiac. "
    ],
    "_morphisms": [
        {
            "__line": 211113,
            "_ancestry": [
                "L_ 24907",
                "B_ {#vaRij#}",
                "M_ {%--<ab>f.</ab>%}"
            ],
            "_bannerExp": [
                {
                    "Right": "vaRij"
                }
            ],
            "_gram": [
                "{%--<ab>f.</ab>%}"
            ],
            "_meanings": [
                "Merchandise, trade.\n"
            ]
        }
    ],
    "_samasas": [
        {
            "__line": 211114,
            "_ancestry": [
                "L_ 24907",
                "B_ {#vaRij#}",
                "S_  {#--karman#}"
            ],
            "_banner": " {#--karman#}",
            "_bannerExp": [
                {
                    "Right": "vaRikkarman"
                }
            ],
            "_gram": [
                "{%<ab>n.</ab>%}",
                "{#--kriyA#}"
            ],
            "_meanings": [
                "traffic,\ntrade. "
            ]
        },
        {
            "__line": 211115,
            "_ancestry": [
                "L_ 24907",
                "B_ {#vaRij#}",
                "S_ {#--janaH#}"
            ],
            "_banner": "{#--janaH#}",
            "_bannerExp": [
                {
                    "Right": "vaRigjanaH"
                }
            ],
            "_meanings": [
                "{1} merchants \n(collectively). ",
                "{2} a trader, merchant. "
            ]
        },
        {
            "__line": 211116,
            "_ancestry": [
                "L_ 24907",
                "B_ {#vaRij#}",
                "S_ {#--paTaH#}"
            ],
            "_banner": "{#--paTaH#}",
            "_bannerExp": [
                {
                    "Right": "vaRikpaTaH"
                }
            ],
            "_meanings": [
                "{1} trade, traffic. ",
                "{2} a merchant. ",
                "{3}\na merchants's shop, a stall. ",
                "{4} the\nsign {%Libra%} of the zodiac. "
            ]
        },
        {
            "__line": 211119,
            "_ancestry": [
                "L_ 24907",
                "B_ {#vaRij#}",
                "S_ {#--vfttiH#}"
            ],
            "_banner": "{#--vfttiH#}",
            "_bannerExp": [
                {
                    "Right": "vaRigvfttiH"
                }
            ],
            "_gram": [
                "{%<ab>f.</ab>%}"
            ],
            "_meanings": [
                "trade, traffic; <ls>Bh. 3. 81.</ls> "
            ]
        },
        {
            "__line": 211120,
            "_ancestry": [
                "L_ 24907",
                "B_ {#vaRij#}",
                "S_ {#--sArTaH#}"
            ],
            "_banner": "{#--sArTaH#}",
            "_bannerExp": [
                {
                    "Right": "vaRiksArTaH"
                }
            ],
            "_meanings": [
                "a\ncaravan."
            ]
        }
    ]
}