{
    "__line": 213575,
    "_ancestry": [
        "L_ 25212",
        "B_ {#valUkaH#}"
    ],
    "_banner": "{#valUkaH#}",
    "_bannerExp": [
        {
            "Right": "valUkaH"
        }
    ],
    "_meanings": [
        "A kind of bird. "
    ],
    "_morphisms": [
        {
            "__line": 213575,
            "_ancestry": [
                "L_ 25212",
                "B_ {#valUkaH#}",
                "M_ {#--kaM#}"
            ],
            "_banner": "{#--kaM#}",
            "_bannerExp": [
                {
                    "Right": "valUkaM"
                }
            ],
            "_meanings": [
                "The\nroot of lotus."
            ]
        }
    ]
}