{
    "__line": 213767,
    "_ancestry": [
        "L_ 25245",
        "B_ {#valluraM#}"
    ],
    "_banner": "{#valluraM#}",
    "_bannerExp": [
        {
            "Right": "valluraM"
        }
    ],
    "_gram": [
        "[{#vall-uran#}]"
    ],
    "_meanings": [
        "{@--1@} A bower, an\narbour. ",
        "{@--2@} A place overgrown with\ncreepers, wood, thicket. ",
        "{@--3@} A\nbranching foot-stalk. ",
        "{@--4@} An \nuncultivated field. ",
        "{@--5@} A desert, wild,\nwilderness. ",
        "{@--6@} Dried flesh."
    ]
}