{
    "__line": 214886,
    "_ancestry": [
        "L_ 25357",
        "B_ {#vAcya#}"
    ],
    "_banner": "{#vAcya#}",
    "_bannerExp": [
        {
            "Right": "vAcya"
        }
    ],
    "_gram": [
        "{%<ab>a.</ab>%}",
        "[{#vac-karmaRi Ryat#}]"
    ],
    "_meanings": [
        "{@--1@} To be\nspoken, told or said, to be spoken\nto or addressed; {#vAcyatvayA madvacanAtsa#}\n{#rAjA#} <ls>R. 14. 61</ls> ‘say to the king\nin my name’. ",
        "{@--2@} To be predicated,\nattributive. ",
        "{@--3@} Expressed (as the\nmeaning of a word); <ab>cf.</ab> {#lakzya#} and \n\n{#vyaMraya#}. ",
        "{@--4@} Blamable, censurable, \nreprehensible; <ls>Śi. 20. 34</ls>;  \n{#eBirmuktomahIpAlaH prApnoti Kalu vAcyatAM#}  \n<ls>H. 3. 129</ls>, <ls n=\"H.\">4. 17.</ls> "
    ],
    "_morphisms": [
        {
            "__line": 214897,
            "_ancestry": [
                "L_ 25357",
                "B_ {#vAcya#}",
                "M_ {#--cyaM#}"
            ],
            "_banner": "{#--cyaM#}",
            "_bannerExp": [
                {
                    "Right": "vAcyaM"
                }
            ],
            "_meanings": [
                "{@--1@} Blame, censure,\nreproach; {#pramadAmanu saMsTitaH SucA#} \n{#nfpatiH sanniti vAcyadarSanAt#} <ls>R. 8. 72</ls>, <ls n=\"R. 8.\">84</ls>;\n{#cirasya vAcyaM na gataH prajApatiH#}  \n<ls>Ś. 5. 15</ls>, <ls>Śi. 3. 58.</ls> ",
                "{@--2@} The expressed\nmeaning, that derived by means of\n{#aBiDA#} <ab>q. v.</ab>; <ab>cf.</ab> {#lakzya#} and {#vyaMgya#}; {#api#}\n{#tu vAcyavOcetryapratiBAsAdeva cArutApratItiH#}\n<ls>K. P. 10.</ls> ",
                "{@--3@} A predicate. ",
                "{@--4@} The\nvoice of a verb. "
            ]
        }
    ],
    "_samasas": [
        {
            "__line": 214906,
            "_ancestry": [
                "L_ 25357",
                "B_ {#vAcya#}",
                "S_  {#--arTaH#}"
            ],
            "_banner": " {#--arTaH#}",
            "_bannerExp": [
                {
                    "Right": "vAcyArTaH"
                }
            ],
            "_meanings": [
                "expressed meaning. "
            ]
        },
        {
            "__line": 214907,
            "_ancestry": [
                "L_ 25357",
                "B_ {#vAcya#}",
                "S_ {#--citraM#}"
            ],
            "_banner": "{#--citraM#}",
            "_bannerExp": [
                {
                    "Right": "vAcyacitraM"
                }
            ],
            "_meanings": [
                "one of\nthe two kinds of the third or lowest\n({#aDama#}) division of {%Kāvya%} or \npoetry, in which the charm lies in the\nexpression of a striking or fanciful\nidea (<ab>opp.</ab> {#Sabdavitra#}); see {#citra#} also.\n"
            ]
        },
        {
            "__line": 214913,
            "_ancestry": [
                "L_ 25357",
                "B_ {#vAcya#}",
                "S_ {#--vajraM#}"
            ],
            "_banner": "{#--vajraM#}",
            "_bannerExp": [
                {
                    "Right": "vAcyavajraM"
                }
            ],
            "_meanings": [
                "severe or harsh language."
            ]
        }
    ]
}