{
    "__line": 216596,
    "_ancestry": [
        "L_ 25584",
        "B_ {#vAhinI#}"
    ],
    "_banner": "{#vAhinI#}",
    "_bannerExp": [
        {
            "Right": "vAhinI"
        }
    ],
    "_gram": [
        "[{#vAho astyasyAH ini NIp#}]"
    ],
    "_meanings": [
        "{@--1@}\nAn army; {#ASizaM prayuyuje na vAhinIM#}\n<ls>R. 11. 6</ls>, <ls n=\"R.\">13. 66.</ls> ",
        "{@--2@} A division of\nan army consisting of 81 elephants,\nas many chariots, 243 horse, and\n405 foot. ",
        "{@--3@} A river. "
    ],
    "_samasas": [
        {
            "__line": 216601,
            "_ancestry": [
                "L_ 25584",
                "B_ {#vAhinI#}",
                "S_ \n{#--niveSaH#}"
            ],
            "_banner": "\n{#--niveSaH#}",
            "_bannerExp": [
                {
                    "Right": "vAhinIniveSaH"
                }
            ],
            "_meanings": [
                "the camp of an army.  \n"
            ]
        },
        {
            "__line": 216603,
            "_ancestry": [
                "L_ 25584",
                "B_ {#vAhinI#}",
                "S_ {#--patiH#}"
            ],
            "_banner": "{#--patiH#}",
            "_bannerExp": [
                {
                    "Right": "vAhinIpatiH"
                }
            ],
            "_meanings": [
                "{1} a general, a commanding \nofficer. ",
                "{2} the ocean (lord of rivers)."
            ]
        }
    ]
}