{
    "__line": 218385,
    "_ancestry": [
        "L_ 25838",
        "B_ {#vijYA#}"
    ],
    "_banner": "{#vijYA#}",
    "_bannerExp": [
        {
            "Right": "vijYA"
        }
    ],
    "_gram": [
        "{c9c}",
        "<ab>U.</ab>"
    ],
    "_meanings": [
        "{@--1@} To know, be aware\nof; <ls>Bh. 3. 21.</ls> ",
        "{@--2@} To learn, \ncomprehend, understand. ",
        "{@--3@} To \nascertain, find out, learn from. ",
        "{@--4@} To\nregard, know to be, consider as. ",
        "{@--5@}\nTo discern, discriminate, \ndistinguish. ",
        "{@--6@} To be familiar with. ",
        "{@--7@}\nTo become wise or learned;  \n<ls>Ms. 4. 20.</ls> "
    ],
    "_morphisms": [
        {
            "__line": 218393,
            "_ancestry": [
                "L_ 25838",
                "B_ {#vijYA#}",
                "M_ {%--<ab>Caus.</ab>%}"
            ],
            "_bannerExp": [
                {
                    "Right": "vijYA"
                }
            ],
            "_gram": [
                "{%--<ab>Caus.</ab>%}",
                "({#vijYApayati#})"
            ],
            "_meanings": [
                "{@--1@} To \nrequest, beg (<ab>opp.</ab> {#AjYApayati#});  \n{#sItA-Aryaputra asti me vijYApyaM#}; \n{#rAmaH-nanvAjYApaya#} <ls>U. 1</ls>; <ls>R. 5. 20.</ls> ",
                "{@--2@} To \ncommunicate, inform. ",
                "{@--3@} To say,\nspeak in general. ",
                "{@--4@} To teach, \ninstruct."
            ]
        }
    ]
}