{
    "__line": 220223,
    "_ancestry": [
        "L_ 26081",
        "B_ {#vinaya#}"
    ],
    "_banner": "{#vinaya#}",
    "_bannerExp": [
        {
            "Right": "vinaya"
        }
    ],
    "_gram": [
        "{%<ab>a.</ab>%}"
    ],
    "_meanings": [
        "{@--1@} Cast, thrown. ",
        "{@--2@} \nSecret. ",
        "{@--3@} Ill-behaved. "
    ],
    "_morphisms": [
        {
            "__line": 220224,
            "_ancestry": [
                "L_ 26081",
                "B_ {#vinaya#}",
                "M_ {#--yaH#}"
            ],
            "_banner": "{#--yaH#}",
            "_bannerExp": [
                {
                    "Right": "vinayaH"
                }
            ],
            "_meanings": [
                "{@--1@} \nGuidance, discipline, instruction (in\none's duties), moral training;\n{#prajAnAM vinayADAnAt#} <ls>R. 1. 24</ls>;  \n<ls>Māl. 10. 5.</ls> ",
                "{@--2@} Sense of propriety, \ndecorum, decency; {#anuyAsyanmunitanayAM#}\n{#sahasA vinayena vAritaprasaraH#} <ls>Ś. 1. 29.</ls>\n",
                "{@--3@} Polite conduct, gentleman-like\nbearing, good breeding or manners;\n<ls>R. 6. 79</ls>; <ls>Māl. 1. 18.</ls> ",
                "{@--4@} Modesty,\nhumility; {#suzWu SoBase Aryaputra etena#} \n\n{#vinayamAhAtmyena#} <ls>U. 1</ls>; {#vidyA dadAti vi#}\n{#nayam; taTApi nIcErvinayAdadfSyata#}  \n<ls>R. 3. 34</ls>; <ls n=\"R.\">10. 71</ls> (where <ls>Malli.</ls> renders\n{#vinaya#} by {#iMdriyajaya#} or restraint of \npassions, unnecessarily in our opinion).\n",
                "{@--5@} Reverence, courtesy, obeisance.\n",
                "{@--6@} Conduct in general. ",
                "{@--7@} Drawing\noff, taking away, removing;  \n<ls>Śi. 10. 42.</ls> ",
                "{@--8@} A man who has subdued his\nsenses. ",
                "{@--9@} A trader, merchant.\n"
            ]
        }
    ],
    "_samasas": [
        {
            "__line": 220246,
            "_ancestry": [
                "L_ 26081",
                "B_ {#vinaya#}",
                "S_  {#--avanata#}"
            ],
            "_banner": " {#--avanata#}",
            "_bannerExp": [
                {
                    "Right": "vinayAvanata"
                }
            ],
            "_gram": [
                "{%<ab>a.</ab>%}"
            ],
            "_meanings": [
                "stooping \nhumbly. "
            ]
        },
        {
            "__line": 220247,
            "_ancestry": [
                "L_ 26081",
                "B_ {#vinaya#}",
                "S_ {#--grAhin#}"
            ],
            "_banner": "{#--grAhin#}",
            "_bannerExp": [
                {
                    "Right": "vinayagrAhin"
                }
            ],
            "_gram": [
                "{%<ab>a.</ab>%}"
            ],
            "_meanings": [
                "tractable, obedient,\nsubmissive. "
            ]
        },
        {
            "__line": 220248,
            "_ancestry": [
                "L_ 26081",
                "B_ {#vinaya#}",
                "S_ {#--BAj#}"
            ],
            "_banner": "{#--BAj#}",
            "_bannerExp": [
                {
                    "Right": "vinayaBAj"
                }
            ],
            "_gram": [
                "{%<ab>a.</ab>%}"
            ],
            "_meanings": [
                "modest, \nwellbehaved. "
            ]
        },
        {
            "__line": 220249,
            "_ancestry": [
                "L_ 26081",
                "B_ {#vinaya#}",
                "S_ {#--vAc#}"
            ],
            "_banner": "{#--vAc#}",
            "_bannerExp": [
                {
                    "Right": "vinayavAc"
                }
            ],
            "_gram": [
                "{%<ab>a.</ab>%}"
            ],
            "_meanings": [
                "speaking mildly\nor affably. "
            ]
        },
        {
            "__line": 220250,
            "_ancestry": [
                "L_ 26081",
                "B_ {#vinaya#}",
                "S_ {#--sTa#}"
            ],
            "_banner": "{#--sTa#}",
            "_bannerExp": [
                {
                    "Right": "vinayasTa"
                }
            ],
            "_gram": [
                "{%<ab>a.</ab>%}"
            ],
            "_meanings": [
                "modest."
            ]
        }
    ]
}