{
    "__line": 224820,
    "_ancestry": [
        "L_ 26652",
        "B_ {#vizwaMBaH#}"
    ],
    "_banner": "{#vizwaMBaH#}",
    "_bannerExp": [
        {
            "Right": "vizwaMBaH"
        }
    ],
    "_meanings": [
        "{@--1@} Fixing firmly. ",
        "{@--2@} \nObstruction, hindrance, an \nimpediment. ",
        "{@--3@} Obstruction of the urine\nor ordure, constipation. ",
        "{@--4@} \nParalysis. ",
        "{@--5@} Stopping, staying. ",
        "{@--6@} \nStepping, placing the feet."
    ]
}