{
    "__line": 227890,
    "_ancestry": [
        "L_ 27043",
        "B_ {#vERava#}"
    ],
    "_banner": "{#vERava#}",
    "_bannerExp": [
        {
            "Right": "vERavI"
        },
        {
            "Right": "vERava"
        }
    ],
    "_gram": [
        "{%<ab>a.</ab>%}",
        "({#vI#}|{%<ab>f.</ab>%})",
        "[{#veRu-aR#}]"
    ],
    "_meanings": [
        "Made\nof or produced from a bamboo.\n"
    ],
    "_morphisms": [
        {
            "__line": 227892,
            "_ancestry": [
                "L_ 27043",
                "B_ {#vERava#}",
                "M_ {#--vaH#}"
            ],
            "_banner": "{#--vaH#}",
            "_bannerExp": [
                {
                    "Right": "vERavaH"
                }
            ],
            "_meanings": [
                "{@--1@} A bamboo-staff. ",
                "{@--2@} A worker\nin bamboo or wicker-work. "
            ]
        },
        {
            "__line": 227893,
            "_ancestry": [
                "L_ 27043",
                "B_ {#vERava#}",
                "M_ {#--vI#}"
            ],
            "_banner": "{#--vI#}",
            "_bannerExp": [
                {
                    "Right": "vERavI"
                }
            ],
            "_meanings": [
                "Bamboo-manna. "
            ]
        },
        {
            "__line": 227894,
            "_ancestry": [
                "L_ 27043",
                "B_ {#vERava#}",
                "M_ {#--vaM#}"
            ],
            "_banner": "{#--vaM#}",
            "_bannerExp": [
                {
                    "Right": "vERavaM"
                }
            ],
            "_meanings": [
                "The seed or\nfruit of the bamboo."
            ]
        }
    ]
}