{
    "__line": 228557,
    "_ancestry": [
        "L_ 27151",
        "B_ {#vEzamyaM#}"
    ],
    "_banner": "{#vEzamyaM#}",
    "_bannerExp": [
        {
            "Right": "vEzamyaM"
        }
    ],
    "_gram": [
        "[{#vizamasya BAvaH zyaY#}]"
    ],
    "_meanings": [
        "{@--1@} \nUnevenness. ",
        "{@--2@} Roughness, harshness.\n",
        "{@--3@} Inequality. ",
        "{@--4@} Injustice. ",
        "{@--5@} \nDifficulty, misery, calamity. ",
        "{@--6@} \nSolitariness."
    ]
}