{
    "__line": 229610,
    "_ancestry": [
        "L_ 27297",
        "B_ {#vyavasTita#}"
    ],
    "_banner": "{#vyavasTita#}",
    "_bannerExp": [
        {
            "Right": "vyavasTita"
        }
    ],
    "_gram": [
        "{%<ab>p. p.</ab>%}"
    ],
    "_meanings": [
        "{@--1@} Placed in order,\nadjusted, arranged. ",
        "{@--2@} Settled,\nfixed; {#kiM vyavasTitavizayAH kzAtraDarmAH#}\n<ls>U. 5.</ls> ",
        "{@--3@} Decided, determined, \ndeclared by law. ",
        "{@--4@} Stood aside,\nseparated. ",
        "{@--5@} Extracted. ",
        "{@--6@} Based\non, resting on. "
    ],
    "_samasas": [
        {
            "__line": 229616,
            "_ancestry": [
                "L_ 27297",
                "B_ {#vyavasTita#}",
                "S_  {#--viBAzA#}"
            ],
            "_banner": " {#--viBAzA#}",
            "_bannerExp": [
                {
                    "Right": "vyavasTitaviBAzA"
                }
            ],
            "_meanings": [
                "a\nfixed option; {#vyavasTitavimAzayA#}\n{#sADuH#}."
            ]
        }
    ]
}