{
    "__line": 231185,
    "_ancestry": [
        "L_ 27501",
        "B_ {#SaMsaH#}"
    ],
    "_banner": "{#SaMsaH#}",
    "_bannerExp": [
        {
            "Right": "SaMsaH"
        }
    ],
    "_meanings": [
        "<ab>Ved.</ab> ",
        "{@--1@} Praise. ",
        "{@--2@} \nRecitation. ",
        "{@--3@} Calling, invocation. ",
        "{@--4@} A\ncharm, spell. ",
        "{@--5@} Wishing well,\nto. ",
        "{@--6@} A blessing. ",
        "{@--7@} A curse. ",
        "{@--8@}\nCalumny."
    ]
}