{
    "__line": 231809,
    "_ancestry": [
        "L_ 27556",
        "B_ {#SaMKakaH --kaM#}"
    ],
    "_banner": "{#SaMKakaH --kaM#}",
    "_bannerExp": [
        {
            "Right": "SaMKakaH"
        },
        {
            "Right": "SaMKakaM"
        }
    ],
    "_meanings": [
        "A conch-shell. "
    ],
    "_morphisms": [
        {
            "__line": 231809,
            "_ancestry": [
                "L_ 27556",
                "B_ {#SaMKakaH --kaM#}",
                "M_ {#--kaH#}"
            ],
            "_banner": "{#--kaH#}",
            "_bannerExp": [
                {
                    "Right": "SaMKakaH"
                }
            ],
            "_meanings": [
                "{@--1@} A disease of the head. ",
                "{@--2@} The\ntemporal bone. "
            ]
        },
        {
            "__line": 231811,
            "_ancestry": [
                "L_ 27556",
                "B_ {#SaMKakaH --kaM#}",
                "M_ {#--kaM#}"
            ],
            "_banner": "{#--kaM#}",
            "_bannerExp": [
                {
                    "Right": "SaMKakaM"
                }
            ],
            "_meanings": [
                "A bracelet\n(made of conch-shell); <ls>Śi. 13. 41.</ls>"
            ]
        }
    ]
}