{
    "__line": 233949,
    "_ancestry": [
        "L_ 27805",
        "B_ {#SAdvala#}"
    ],
    "_banner": "{#SAdvala#}",
    "_bannerExp": [
        {
            "Right": "SAdvala"
        }
    ],
    "_gram": [
        "{%<ab>a.</ab>%}",
        "[{#SAdAH saMtyatra valac#}]"
    ],
    "_meanings": [
        "{@--1@}\nGrassy. ",
        "{@--2@} Abounding in young\ngreen grass. ",
        "{@--3@} Green, verdant. "
    ],
    "_morphisms": [
        {
            "__line": 233951,
            "_ancestry": [
                "L_ 27805",
                "B_ {#SAdvala#}",
                "M_ {#--laH#}"
            ],
            "_banner": "{#--laH#}",
            "_bannerExp": [
                {
                    "Right": "SAdvalaH"
                }
            ],
            "_gram": [
                "{#--laM#}"
            ],
            "_meanings": [
                "A grass-plot, green, meadow;\n{#SayyA SAdvalaM#} <ls>Śānti. 2. 21</ls>; <ls>R. 2. 17</ls>;\n<ls>Ki. 5. 37</ls>, <ls>Y. 3. 7.</ls>"
            ]
        }
    ]
}