{
    "__line": 235763,
    "_ancestry": [
        "L_ 28027",
        "B_ {#SIt#}"
    ],
    "_banner": "{#SIt#}",
    "_bannerExp": [
        {
            "Right": "SIt"
        }
    ],
    "_gram": [
        "{%<ab>ind.</ab>%}"
    ],
    "_meanings": [
        "A sound made to \nexpress a sudden thrill of pleasure or\npain, (particularly applied to the\nsound of pleasure during sexual \nenjoyment). "
    ],
    "_samasas": [
        {
            "__line": 235767,
            "_ancestry": [
                "L_ 28027",
                "B_ {#SIt#}",
                "S_  {#--kAraH, --kft#}"
            ],
            "_banner": " {#--kAraH, --kft#}",
            "_bannerExp": [
                {
                    "Right": "SItkAraH"
                },
                {
                    "Right": "SItkft"
                }
            ],
            "_gram": [
                "{%<ab>m.</ab>%}"
            ],
            "_meanings": [
                "the above sound."
            ]
        }
    ]
}