{
    "__line": 236692,
    "_ancestry": [
        "L_ 28135",
        "B_ {#Suzka#}"
    ],
    "_banner": "{#Suzka#}",
    "_bannerExp": [
        {
            "Right": "Suzka"
        }
    ],
    "_gram": [
        "{%<ab>p. p.</ab>%}",
        "[{#Suz-kta#}]"
    ],
    "_meanings": [
        "{@--1@} Dry,\ndried up; {#SAKAyAM SuzkaM karizyAmi#}\n<ls>Mk. 8.</ls> ",
        "{@--2@} Parched up, sear. ",
        "{@--3@}\nShrivelled, shrunk up, emaciated. ",
        "{@--4@}\nFeigned, pretended, mock; {#kAminaH#}\n{#sma kurute karaBorUrhAri SuzkaruditaM ca#} \n{#suKe'pi#} <ls>Śi. 10. 69.</ls> ",
        "{@--5@} Empty, vain,\nuseless, unproductive; <ls>M. 2.</ls> ",
        "{@--6@}\nGroundless, causeless. ",
        "{@--7@} Offensive,\nharsh; {#tasmE nAkuSalaM brUyAnna SuzkAM#}\n{#giramIrayet#} <ls>Ms. 11. 35.</ls> "
    ],
    "_samasas": [
        {
            "__line": 236702,
            "_ancestry": [
                "L_ 28135",
                "B_ {#Suzka#}",
                "S_ \n{#--aMga#}"
            ],
            "_banner": "\n{#--aMga#}",
            "_bannerExp": [
                {
                    "Right": "SuzkAMga"
                }
            ],
            "_gram": [
                "{%<ab>a.</ab>%}"
            ],
            "_meanings": [
                "emaciated. "
            ],
            "_morphisms": [
                {
                    "__line": 236703,
                    "_ancestry": [
                        "L_ 28135",
                        "B_ {#Suzka#}",
                        "S_ \n{#--aMga#}",
                        "S_M_ ({#--gI#}"
                    ],
                    "_banner": "({#--gI#}",
                    "_bannerExp": [
                        {
                            "Right": "SuzkAMgI"
                        }
                    ],
                    "_meanings": [
                        "a lizard.\n"
                    ]
                }
            ]
        },
        {
            "__line": 236704,
            "_ancestry": [
                "L_ 28135",
                "B_ {#Suzka#}",
                "S_ {#--annaM#}"
            ],
            "_banner": "{#--annaM#}",
            "_bannerExp": [
                {
                    "Right": "SuzkAnnaM"
                }
            ],
            "_meanings": [
                "rice in the husk. "
            ]
        },
        {
            "__line": 236704,
            "_ancestry": [
                "L_ 28135",
                "B_ {#Suzka#}",
                "S_ {#--ArdraM#}"
            ],
            "_banner": "{#--ArdraM#}",
            "_bannerExp": [
                {
                    "Right": "SuzkArdraM"
                }
            ],
            "_meanings": [
                "dry\nginger. "
            ]
        },
        {
            "__line": 236705,
            "_ancestry": [
                "L_ 28135",
                "B_ {#Suzka#}",
                "S_ {#--kalahaH#}"
            ],
            "_banner": "{#--kalahaH#}",
            "_bannerExp": [
                {
                    "Right": "SuzkakalahaH"
                }
            ],
            "_meanings": [
                "{1} a vain or \ngroundless quarrel. ",
                "{2} a mock quarrel;  \n<ls>Mu. 3.</ls> "
            ]
        },
        {
            "__line": 236707,
            "_ancestry": [
                "L_ 28135",
                "B_ {#Suzka#}",
                "S_ {#--vEraM#}"
            ],
            "_banner": "{#--vEraM#}",
            "_bannerExp": [
                {
                    "Right": "SuzkavEraM"
                }
            ],
            "_meanings": [
                "groundless enmity. "
            ]
        },
        {
            "__line": 236707,
            "_ancestry": [
                "L_ 28135",
                "B_ {#Suzka#}",
                "S_ {#--vraRaM#}"
            ],
            "_banner": "{#--vraRaM#}",
            "_bannerExp": [
                {
                    "Right": "SuzkavraRaM"
                }
            ],
            "_meanings": [
                "a\nhealed wound, scar."
            ]
        }
    ]
}