{
    "__line": 27696,
    "_ancestry": [
        "L_ 2833",
        "B_ {#apratizWa#}"
    ],
    "_banner": "{#apratizWa#}",
    "_bannerExp": [
        {
            "Right": "apratizWa"
        }
    ],
    "_gram": [
        "{%<ab>a.</ab>%}"
    ],
    "_meanings": [
        "{@--1@} Not stable or firmly\nfixed, fluctuating, not made \npermanent; <ls>U. 5. 25.</ls> ",
        "{@--2@} Thrown away,\nunprofitable, useless; <ls>Ms. 3. 180.</ls> \n\n",
        "{@--3@} Disreputable, infamous. "
    ],
    "_morphisms": [
        {
            "__line": 27701,
            "_ancestry": [
                "L_ 2833",
                "B_ {#apratizWa#}",
                "M_ {#--zWaH#}"
            ],
            "_banner": "{#--zWaH#}",
            "_bannerExp": [
                {
                    "Right": "apratizWaH"
                }
            ],
            "_meanings": [
                "<ab>N.</ab>\nof a hell. "
            ]
        },
        {
            "__line": 27702,
            "_ancestry": [
                "L_ 2833",
                "B_ {#apratizWa#}",
                "M_ {#--zWA#}"
            ],
            "_banner": "{#--zWA#}",
            "_bannerExp": [
                {
                    "Right": "apratizWA"
                }
            ],
            "_meanings": [
                "Instability, ill-fame,\nill-repute, dishonour. "
            ]
        },
        {
            "__line": 27703,
            "_ancestry": [
                "L_ 2833",
                "B_ {#apratizWa#}",
                "M_ {#--zWaM#}"
            ],
            "_banner": "{#--zWaM#}",
            "_bannerExp": [
                {
                    "Right": "apratizWaM"
                }
            ],
            "_meanings": [
                "Brahma\n({#svaDAmapratizWitaM brahma#})."
            ]
        }
    ]
}