{
    "__line": 238275,
    "_ancestry": [
        "L_ 28359",
        "B_ {#Srapita#}"
    ],
    "_banner": "{#Srapita#}",
    "_bannerExp": [
        {
            "Right": "Srapita"
        }
    ],
    "_gram": [
        "{%<ab>p. p.</ab>%}"
    ],
    "_meanings": [
        "{@--1@} Boiled or caused to\nbe boiled. ",
        "{@--2@} Seethed. "
    ],
    "_morphisms": [
        {
            "__line": 238276,
            "_ancestry": [
                "L_ 28359",
                "B_ {#Srapita#}",
                "M_ {#--taM#}"
            ],
            "_banner": "{#--taM#}",
            "_bannerExp": [
                {
                    "Right": "SrapitaM"
                }
            ],
            "_meanings": [
                "Boiled\nmeat &c. "
            ]
        },
        {
            "__line": 238277,
            "_ancestry": [
                "L_ 28359",
                "B_ {#Srapita#}",
                "M_ {#--tA#}"
            ],
            "_banner": "{#--tA#}",
            "_bannerExp": [
                {
                    "Right": "SrapitA"
                }
            ],
            "_meanings": [
                "Rice gruel."
            ]
        }
    ]
}