{
    "__line": 4895,
    "_ancestry": [
        "L_ 284",
        "B_ {#aMgAraH --raM#}"
    ],
    "_banner": "{#aMgAraH --raM#}",
    "_bannerExp": [
        {
            "Right": "aMgAraH"
        },
        {
            "Right": "aMgAraM"
        }
    ],
    "_gram": [
        "[{#aMg-Aran#}  \n<ls>Uṇ. 3. 134</ls>]"
    ],
    "_meanings": [
        "{@--1@} Charcoal (whether heated or\nnot); {#GftakuMBasamA nArI taptAMgArasamaH#}\n{#pumAn; uzRo dahati cAMgAraH SItaH#} \n{#kfzRAyate karaM#} <ls>H. 1. 80</ls>; {#tvayA svahastenAMgArAH#}\n{#karzitAH#} <ls>Pt. 1</ls> you have ruined\nyourself with your own hands; <ab>cf.</ab>\n“to dig a mine under one's feet”;  \n{#kurukulAMgAra#} <ls>Ve. 6</ls> destroyer or pest of\nthe Kuru family. ",
        "{@--2@} The planet\nMars. ",
        "{@--3@} A plant {#hitAvalI, °kuzwakaH#} \n{#hitAvalI#}. ",
        "{@--4@} <ab>N.</ab> of a prince who fought\nwith king Māndhātṛ. "
    ],
    "_morphisms": [
        {
            "__line": 4907,
            "_ancestry": [
                "L_ 284",
                "B_ {#aMgAraH --raM#}",
                "M_ {#--ra#}"
            ],
            "_banner": "{#--ra#}",
            "_bannerExp": [
                {
                    "Right": "aMgAra"
                }
            ],
            "_gram": [
                "{%<ab>a.</ab>%}"
            ],
            "_meanings": [
                "Red, of\na red colour. "
            ]
        },
        {
            "__line": 4908,
            "_ancestry": [
                "L_ 284",
                "B_ {#aMgAraH --raM#}",
                "M_ {#--raM#}"
            ],
            "_banner": "{#--raM#}",
            "_bannerExp": [
                {
                    "Right": "aMgAraM"
                }
            ],
            "_meanings": [
                "Red colour. "
            ]
        }
    ],
    "_samasas": [
        {
            "__line": 4908,
            "_ancestry": [
                "L_ 284",
                "B_ {#aMgAraH --raM#}",
                "S_ \n{#--avakzepaRaM#}"
            ],
            "_banner": "\n{#--avakzepaRaM#}",
            "_bannerExp": [
                {
                    "Right": "aMgArAvakzepaRaM"
                }
            ],
            "_gram": [
                "[{#aMgArA avakzipyaMte anena karaRe#}\n{#lyuw#}]"
            ],
            "_meanings": [
                "a vessel to throw or extinguish\ncoals. "
            ]
        },
        {
            "__line": 4911,
            "_ancestry": [
                "L_ 284",
                "B_ {#aMgAraH --raM#}",
                "S_ {#--kArin#}"
            ],
            "_banner": "{#--kArin#}",
            "_bannerExp": [
                {
                    "Right": "aMgArakArin"
                }
            ],
            "_gram": [
                "{%<ab>a.</ab>%}",
                "[{#aMgAraM karoti#} \n{#kfRini#}]"
            ],
            "_meanings": [
                "one who prepares coal for sale.\n"
            ]
        },
        {
            "__line": 4913,
            "_ancestry": [
                "L_ 284",
                "B_ {#aMgAraH --raM#}",
                "S_ {#--kuzWakaH#}"
            ],
            "_banner": "{#--kuzWakaH#}",
            "_bannerExp": [
                {
                    "Right": "aMgArakuzWakaH"
                }
            ],
            "_gram": [
                "[{#aMgAravarRaM kuzWamiva-kan#}]"
            ],
            "_meanings": [
                "<ab>N.</ab>\nof a plant {#hitAvalI#}. "
            ]
        },
        {
            "__line": 4914,
            "_ancestry": [
                "L_ 284",
                "B_ {#aMgAraH --raM#}",
                "S_ {#--DAnI#}"
            ],
            "_banner": "{#--DAnI#}",
            "_bannerExp": [
                {
                    "Right": "aMgAraDAnI"
                }
            ],
            "_gram": [
                "[{#aMgArA#} \n{#DIyaMte asyAM; DA-ADAre lyuw NIp#}]",
                "{#--DAnikA#}",
                "[{#svArTe kan#}]"
            ],
            "_meanings": [
                "a portable fire-pan, brazier.\n"
            ]
        },
        {
            "__line": 4917,
            "_ancestry": [
                "L_ 284",
                "B_ {#aMgAraH --raM#}",
                "S_ {#--paripAcitaM#}"
            ],
            "_banner": "{#--paripAcitaM#}",
            "_bannerExp": [
                {
                    "Right": "aMgAraparipAcitaM"
                }
            ],
            "_gram": [
                "[{#tf#}. {#ta#}.]"
            ],
            "_meanings": [
                "roasted food or\nmeat. "
            ]
        },
        {
            "__line": 4918,
            "_ancestry": [
                "L_ 284",
                "B_ {#aMgAraH --raM#}",
                "S_ {#--parRaM#}"
            ],
            "_banner": "{#--parRaM#}",
            "_bannerExp": [
                {
                    "Right": "aMgAraparRaM"
                }
            ],
            "_gram": [
                "[{#aMgAramiva parRaM yasya#}]"
            ],
            "_meanings": [
                "<ab>N.</ab>\nof a grove or forest. "
            ],
            "_morphisms": [
                {
                    "__line": 4919,
                    "_ancestry": [
                        "L_ 284",
                        "B_ {#aMgAraH --raM#}",
                        "S_ {#--parRaM#}",
                        "S_M_ ({#--rRaH#}"
                    ],
                    "_banner": "({#--rRaH#}",
                    "_bannerExp": [
                        {
                            "Right": "aMgAraparRaH"
                        }
                    ],
                    "_meanings": [
                        "[{#astyarTe#} \n\n{#ac#}] <ab>N.</ab> of Citraratha, king of\nthe Gandharvas. [On one occasion,\nwhile he was sporting with his wife,\nhe saw Kuntī with her five sons \nproceeding to the capital of Pāñcāla in\ndisguise. He accosted them and asked\nthem to tell him where they were \ngoing, or to fight. Arjuna accepted the\nchallenge; but Aṅgāraparṇa finding\nArjuna to be a very skilful warrior\ngave him a secret lore called chākshushī\n(enabling one to see the smallest\nthings) and took from him in \nreturn a lore called Agniśirāstra and\nbecame a friend of the Pāṇḍavas.]\n"
                    ]
                }
            ]
        },
        {
            "__line": 4936,
            "_ancestry": [
                "L_ 284",
                "B_ {#aMgAraH --raM#}",
                "S_ {#--pAtrI --SakawI#}"
            ],
            "_banner": "{#--pAtrI --SakawI#}",
            "_bannerExp": [
                {
                    "Right": "aMgAraSakawI"
                },
                {
                    "Right": "aMgArapAtrI"
                }
            ],
            "_meanings": [
                "a portable fire-pan.\n"
            ]
        },
        {
            "__line": 4937,
            "_ancestry": [
                "L_ 284",
                "B_ {#aMgAraH --raM#}",
                "S_ {#--puzpaH#}"
            ],
            "_banner": "{#--puzpaH#}",
            "_bannerExp": [
                {
                    "Right": "aMgArapuzpaH"
                }
            ],
            "_gram": [
                "[{#aMgAramiva lohitavarRaM puzpaM yasya saH#}]"
            ],
            "_meanings": [
                "the plant {#iMgudI#}. "
            ]
        },
        {
            "__line": 4938,
            "_ancestry": [
                "L_ 284",
                "B_ {#aMgAraH --raM#}",
                "S_ {#--maMjarI, --maMjI#}"
            ],
            "_banner": "{#--maMjarI, --maMjI#}",
            "_bannerExp": [
                {
                    "Right": "aMgAramaMjI"
                },
                {
                    "Right": "aMgAramaMjarI"
                }
            ],
            "_gram": [
                "[{#aMgArA#}\n{#raktavarRA maMjarI yasyAH#}]"
            ],
            "_meanings": [
                "a shrub \nCesalpinia Banducella ({#raktakaraMjavfkza#}).  \n"
            ]
        },
        {
            "__line": 4941,
            "_ancestry": [
                "L_ 284",
                "B_ {#aMgAraH --raM#}",
                "S_ {#--vallarI, --vallI#}"
            ],
            "_banner": "{#--vallarI, --vallI#}",
            "_bannerExp": [
                {
                    "Right": "aMgAravallI"
                },
                {
                    "Right": "aMgAravallarI"
                }
            ],
            "_gram": [
                "[{#aMgArA iva raktaPalatvAt raktA#}]"
            ],
            "_meanings": [
                "<ab>N.</ab> of various plants, {#karaMja, BArgI#}, \n{#guMjA#}. "
            ]
        },
        {
            "__line": 4943,
            "_ancestry": [
                "L_ 284",
                "B_ {#aMgAraH --raM#}",
                "S_ {#--veRuH#}"
            ],
            "_banner": "{#--veRuH#}",
            "_bannerExp": [
                {
                    "Right": "aMgAraveRuH"
                }
            ],
            "_gram": [
                "[{#karma#},]"
            ],
            "_meanings": [
                "a sort of bamboo."
            ]
        }
    ]
}