{
    "__line": 239855,
    "_ancestry": [
        "L_ 28532",
        "B_ {#zAqguRyaM#}"
    ],
    "_banner": "{#zAqguRyaM#}",
    "_bannerExp": [
        {
            "Right": "zAqguRyaM"
        }
    ],
    "_gram": [
        "[{#zaq guRA eva zyaY#}]"
    ],
    "_meanings": [
        "{@--1@}\nThe collection of six \nqualities. ",
        "{@--2@} Six expedients to\nbe used by a king, six measures\nof royal policy; {#zAqguRyamupayuMjIta#}\n{#SaktyapekzI rasAyanaM#} <ls>Śi. 2. 93</ls>; see\nunder {#guRa#} also. ",
        "{@--3@} Multiplication\nof anything by six. ",
        "{@--4@} Six \n\nproperties. "
    ],
    "_samasas": [
        {
            "__line": 239864,
            "_ancestry": [
                "L_ 28532",
                "B_ {#zAqguRyaM#}",
                "S_  {#--prayogaH#}"
            ],
            "_banner": " {#--prayogaH#}",
            "_bannerExp": [
                {
                    "Right": "zAqguRyaprayogaH"
                }
            ],
            "_meanings": [
                "employment of the six expedients or \nmeasures of royal policy."
            ]
        }
    ]
}