{
    "__line": 240113,
    "_ancestry": [
        "L_ 28565",
        "B_ {#saMyAnaH#}"
    ],
    "_banner": "{#saMyAnaH#}",
    "_bannerExp": [
        {
            "Right": "saMyAnaH"
        }
    ],
    "_meanings": [
        "A mould. "
    ],
    "_morphisms": [
        {
            "__line": 240113,
            "_ancestry": [
                "L_ 28565",
                "B_ {#saMyAnaH#}",
                "M_ {#--naM#}"
            ],
            "_banner": "{#--naM#}",
            "_bannerExp": [
                {
                    "Right": "saMyAnaM"
                }
            ],
            "_meanings": [
                "{@--1@} Going \nalong with, accompanying. ",
                "{@--2@} \nTravelling, proceeding. ",
                "{@--3@} Carrying\nout a dead body."
            ]
        }
    ]
}