{
    "__line": 27955,
    "_ancestry": [
        "L_ 2872",
        "B_ {#aprayukta#}"
    ],
    "_banner": "{#aprayukta#}",
    "_bannerExp": [
        {
            "Right": "aprayukta"
        }
    ],
    "_gram": [
        "{%<ab>a.</ab>%}"
    ],
    "_meanings": [
        "{@--1@} Not used or \nemployed, not applied. ",
        "{@--2@} Wrongly\nused, as a word. ",
        "{@--3@} (In <ab>Rhet.</ab>) Rare,\nunusual (as a word when used in\na particular sense or gender though\nthat sense or gender be sanctioned\nby lexicographers); {#aprayuktaM#} \n{#taTAmnAtamapi kaviBirnAdftaM; taTA manye dEvatosya piSAco#}\n{#rAkzaso'TavA .#} where the <ab>mas.</ab> gender\nof {#dEvata#}, though sanctioned (by\n<ls>Amara</ls>), is not used by poets and\nis, therefore, {#aprayukta#}."
    ]
}