{
    "__line": 242162,
    "_ancestry": [
        "L_ 28836",
        "B_ {#sagaRa#}"
    ],
    "_banner": "{#sagaRa#}",
    "_bannerExp": [
        {
            "Right": "sagaRa"
        }
    ],
    "_gram": [
        "{%<ab>a.</ab>%}"
    ],
    "_meanings": [
        "Attended by troops or\nflocks. "
    ],
    "_morphisms": [
        {
            "__line": 242163,
            "_ancestry": [
                "L_ 28836",
                "B_ {#sagaRa#}",
                "M_ {#--RaH#}"
            ],
            "_banner": "{#--RaH#}",
            "_bannerExp": [
                {
                    "Right": "sagaRaH"
                }
            ],
            "_meanings": [
                "An epithet of Śiva. "
            ]
        }
    ]
}