{
    "__line": 242340,
    "_ancestry": [
        "L_ 28861",
        "B_ {#saMkula#}"
    ],
    "_banner": "{#saMkula#}",
    "_bannerExp": [
        {
            "Right": "saMkula"
        }
    ],
    "_gram": [
        "{%<ab>a.</ab>%}"
    ],
    "_meanings": [
        "{@--1@} Confused. ",
        "{@--2@} \nThronged with, crowded or filled with,\nfull of; {#nakzatratArAgrahasaMkulApi#} \n{#jyotizmatI caMdramasEva rAtriH#} <ls>R. 6. 22</ls>;  \n<ls>Māl. 1. 2.</ls> ",
        "{@--3@} Disordered, perplexed;\n<ls>U. 2. 30.</ls> ",
        "{@--4@} Inconsistent. "
    ],
    "_morphisms": [
        {
            "__line": 242345,
            "_ancestry": [
                "L_ 28861",
                "B_ {#saMkula#}",
                "M_ {#--laM#}"
            ],
            "_banner": "{#--laM#}",
            "_bannerExp": [
                {
                    "Right": "saMkulaM"
                }
            ],
            "_meanings": [
                "{@--1@}\nA crowd, mob, throng, collection,\nswarm, flock; {#mahataH pArEjanasya#} \n{#saMkulena viGawitAyAM tasyAmAgato'smi#} <ls>Māl. 1</ls>;\n<ls>Pt. 1. 7.</ls> ",
                "{@--2@} A confused fight, melee.\n",
                "{@--3@} An inconsistent or contradictory\nspeech; {%<ab>e. g.</ab>%} {#yAvajjIvamahaM mOnI#} \n{#brahmacArI ca me pitA . mAtA tu mama vaMDyEva#}\n{#putrahInaH pitAmahaH#}."
            ]
        }
    ]
}