{
    "__line": 242884,
    "_ancestry": [
        "L_ 28924",
        "B_ {#saMgIta#}"
    ],
    "_banner": "{#saMgIta#}",
    "_bannerExp": [
        {
            "Right": "saMgIta"
        }
    ],
    "_gram": [
        "{%<ab>p. p.</ab>%}"
    ],
    "_meanings": [
        "Sung together, sung\nin chorus. "
    ],
    "_morphisms": [
        {
            "__line": 242885,
            "_ancestry": [
                "L_ 28924",
                "B_ {#saMgIta#}",
                "M_ {#--taM#}"
            ],
            "_banner": "{#--taM#}",
            "_bannerExp": [
                {
                    "Right": "saMgItaM"
                }
            ],
            "_meanings": [
                "{@--1@} Chorus, a song\nsung by many voices; {#jaguH sukaMWyo#}\n{#gaMDarvyaH saMgItaM sahaBartfkAH#} <ls>Bhāg.</ls> ",
                "{@--2@}\nMusic, harmonious singing, \nespecially singing accompanied by \ninstrumental music and dancing, \ntriple symphony; {#gItaM vAdyaM nartanaM ca#}\n{#trayaM saMgItamucyate; kimanyadasyAH#} \n{#parizadaH SrutiprasAdanataH saMgItAt#} <ls>Ś. 1</ls>;\n<ls>Mk. 1.</ls> ",
                "{@--3@} A concert. ",
                "{@--4@} The art\nof singing with music and dancing;\n<ls>Bh. 2. 12.</ls> "
            ]
        }
    ],
    "_samasas": [
        {
            "__line": 242896,
            "_ancestry": [
                "L_ 28924",
                "B_ {#saMgIta#}",
                "S_  {#--arTaH#}"
            ],
            "_banner": " {#--arTaH#}",
            "_bannerExp": [
                {
                    "Right": "saMgItArTaH"
                }
            ],
            "_meanings": [
                "{1} the\nsubject of a musical performance.\n",
                "{2} the materials or necessary \napparatus for a musical concert;  \n<ls>Me. 56.</ls> "
            ]
        },
        {
            "__line": 242900,
            "_ancestry": [
                "L_ 28924",
                "B_ {#saMgIta#}",
                "S_ {#--SAlA#}"
            ],
            "_banner": "{#--SAlA#}",
            "_bannerExp": [
                {
                    "Right": "saMgItaSAlA"
                }
            ],
            "_meanings": [
                "a concert-hall; <ls>Māl. 2.</ls>\n"
            ]
        },
        {
            "__line": 242901,
            "_ancestry": [
                "L_ 28924",
                "B_ {#saMgIta#}",
                "S_ {#--SAstraM#}"
            ],
            "_banner": "{#--SAstraM#}",
            "_bannerExp": [
                {
                    "Right": "saMgItaSAstraM"
                }
            ],
            "_meanings": [
                "the science of music."
            ]
        }
    ]
}