{
    "__line": 244487,
    "_ancestry": [
        "L_ 29118",
        "B_ {#saniH#}"
    ],
    "_banner": "{#saniH#}",
    "_bannerExp": [
        {
            "Right": "saniH"
        }
    ],
    "_meanings": [
        "{@--1@} Worship, service. ",
        "{@--2@} A\ngift, donation. ",
        "{@--3@} An entreaty, a\nrespectful solicitation ({%<ab>f.</ab>%} also in\nthis sense). ",
        "{@--4@} Obtaining. ",
        "{@--5@} A\nquarter or point of the compass ({%<ab>f.</ab>%}\nalso)."
    ]
}