{
    "__line": 248331,
    "_ancestry": [
        "L_ 29636",
        "B_ {#saMpIq#}"
    ],
    "_banner": "{#saMpIq#}",
    "_bannerExp": [
        {
            "Right": "saMpIq"
        }
    ],
    "_gram": [
        "{c10c}",
        "<ab>U.</ab>"
    ],
    "_meanings": [
        "{@--1@} To compress,\npress or squeeze together. ",
        "{@--2@} To \n\ntorture, harass, oppress, pinch, pain;\n{#kaMWe jIrRalatApratAnavalayenAtyaryasaMpIqitaH#}\n<ls>Ś. 7. 11</ls>; <ls>Ch. P. 3.</ls> ",
        "{@--3@} To \ncompute, reckon. ",
        "{@--4@} To obscure, eclipse."
    ]
}