{
    "__line": 248478,
    "_ancestry": [
        "L_ 29661",
        "B_ {#saMpradA#}"
    ],
    "_banner": "{#saMpradA#}",
    "_bannerExp": [
        {
            "Right": "saMpradA"
        }
    ],
    "_gram": [
        "{c3c}",
        "<ab>U.</ab>"
    ],
    "_meanings": [
        "{@--1@} To give, grant,\nbestow or confer on; {#taM te'haM#} \n{#saMpradAsyAmi#}. ",
        "{@--2@} To hand down by \ntradition; see {#saMpradAya#}. ",
        "{@--3@} To bequeath.\n",
        "{@--4@} To give completely up or deliver\nover. ",
        "{@--5@} To give in marriage."
    ]
}