{
    "__line": 28675,
    "_ancestry": [
        "L_ 2976",
        "B_ {#aBaya#}"
    ],
    "_banner": "{#aBaya#}",
    "_bannerExp": [
        {
            "Right": "aBaya"
        }
    ],
    "_gram": [
        "{%<ab>a.</ab>%}",
        "[{#na#}. {#ba#}.]"
    ],
    "_meanings": [
        "Free from fear\nor danger, secure, safe; {#vErAgyamevABayam#}\n<ls>Bh. 3. 35.</ls> "
    ],
    "_morphisms": [
        {
            "__line": 28677,
            "_ancestry": [
                "L_ 2976",
                "B_ {#aBaya#}",
                "M_ {#--yaH#}"
            ],
            "_banner": "{#--yaH#}",
            "_bannerExp": [
                {
                    "Right": "aBayaH"
                }
            ],
            "_gram": [
                "[{#na BayaM yasmAt#}]"
            ],
            "_meanings": [
                "{@--1@}\nAn epithet of the Supreme Being,\nor knowledge concerning that being.\n",
                "{@--2@} <ab>N.</ab> of Śiva. ",
                "{@--3@} One devoid of all\nworldly possessions. ",
                "{@--4@} One who \nfearlessly executes scriptural \ncommandments. ",
                "{@--5@} <ab>N.</ab> of a Yoga (conjuncture\nor time) favourable to a march or\nexpedition. "
            ]
        },
        {
            "__line": 28685,
            "_ancestry": [
                "L_ 2976",
                "B_ {#aBaya#}",
                "M_ {#--yA#}"
            ],
            "_banner": "{#--yA#}",
            "_bannerExp": [
                {
                    "Right": "aBayA"
                }
            ],
            "_meanings": [
                "{@--1@} <ab>N.</ab> of a plant\n({#harItakI#} <ab>Mar.</ab> {#hiraqA#}). ",
                "{@--2@} A form of\nthe goddess Durgā. "
            ]
        },
        {
            "__line": 28687,
            "_ancestry": [
                "L_ 2976",
                "B_ {#aBaya#}",
                "M_ {#--yaM#}"
            ],
            "_banner": "{#--yaM#}",
            "_bannerExp": [
                {
                    "Right": "aBayaM"
                }
            ],
            "_meanings": [
                "{@--1@} Absence\nor removal of fear. ",
                "{@--2@} Security,\nsafety, protection from fear or danger;\n{#mayA tasyABayaM dattaM#} <ls>Pt. 1</ls>; {#aBayasya hi yo#}\n{#dAtA#} <ls>Ms. 8. 303</ls>; <ls>Ś. 2. 16.</ls> ",
                "{@--3@} <ab>N.</ab>\nof a sacrificial hymn. ",
                "{@--4@} The root\nof a fragrant grass ({#vIraRamUlaM, uSIraM#}).\n"
            ]
        }
    ],
    "_samasas": [
        {
            "__line": 28694,
            "_ancestry": [
                "L_ 2976",
                "B_ {#aBaya#}",
                "S_  {#--kft#}"
            ],
            "_banner": " {#--kft#}",
            "_bannerExp": [
                {
                    "Right": "aBayakft"
                }
            ],
            "_gram": [
                "{%<ab>a.</ab>%}"
            ],
            "_meanings": [
                "{1} not terrific, mild.\n",
                "{2} giving safety. "
            ]
        },
        {
            "__line": 28695,
            "_ancestry": [
                "L_ 2976",
                "B_ {#aBaya#}",
                "S_ {#--girivAsin#}"
            ],
            "_banner": "{#--girivAsin#}",
            "_bannerExp": [
                {
                    "Right": "aBayagirivAsin"
                }
            ],
            "_gram": [
                "{%<ab>m.</ab>%}"
            ],
            "_meanings": [
                "one\ndwelling on the mountain of safety,\n<ab>N.</ab> of a class of <ls>Kātyāyana</ls>'s pupils.\n"
            ]
        },
        {
            "__line": 28698,
            "_ancestry": [
                "L_ 2976",
                "B_ {#aBaya#}",
                "S_ {#--qiMqimaH#}"
            ],
            "_banner": "{#--qiMqimaH#}",
            "_bannerExp": [
                {
                    "Right": "aBayaqiMqimaH"
                }
            ],
            "_meanings": [
                "{1} proclamation of assurance\nor safety. ",
                "{2} a military or war-drum.\n"
            ]
        },
        {
            "__line": 28700,
            "_ancestry": [
                "L_ 2976",
                "B_ {#aBaya#}",
                "S_ {#--da, --dAyin, --prada#}"
            ],
            "_banner": "{#--da, --dAyin, --prada#}",
            "_bannerExp": [
                {
                    "Right": "aBayadAyin"
                },
                {
                    "Right": "aBayada"
                },
                {
                    "Right": "aBayaprada"
                }
            ],
            "_gram": [
                "{%<ab>a.</ab>%}"
            ],
            "_meanings": [
                "giving a \nguarantee or promise of safety; {#BayezvaBayadaH#}\n<ls>Rām.</ls>; {#°pradaH#} <ls>Ms. 4. 232.</ls> "
            ],
            "_morphisms": [
                {
                    "__line": 28702,
                    "_ancestry": [
                        "L_ 2976",
                        "B_ {#aBaya#}",
                        "S_ {#--da, --dAyin, --prada#}",
                        "S_M_ ({#--daH#}"
                    ],
                    "_banner": "({#--daH#}",
                    "_bannerExp": [
                        {
                            "Right": "aBayadaH"
                        },
                        {
                            "Right": "aBayapradaH"
                        }
                    ],
                    "_meanings": [
                        "an\nArhat of the Jainas; <ab>N.</ab> of Viṣṇu.\n"
                    ]
                }
            ]
        },
        {
            "__line": 28704,
            "_ancestry": [
                "L_ 2976",
                "B_ {#aBaya#}",
                "S_ {#--dakziRA, --dAnaM, --pradAnaM#}"
            ],
            "_banner": "{#--dakziRA, --dAnaM, --pradAnaM#}",
            "_bannerExp": [
                {
                    "Right": "aBayadAnaM"
                },
                {
                    "Right": "aBayadakziRA"
                },
                {
                    "Right": "aBayapradAnaM"
                }
            ],
            "_meanings": [
                "giving a promise,\nassurance, or guarantee of safety\nor protection (from danger);  \n{#sarvapradAnezvaBayapradAnaM#} ({#praDAnaM#}) <ls>Pt. 1. 290</ls>;  \n<ls>Ms. 4. 247.</ls> "
            ]
        },
        {
            "__line": 28708,
            "_ancestry": [
                "L_ 2976",
                "B_ {#aBaya#}",
                "S_ {#--patraM#}"
            ],
            "_banner": "{#--patraM#}",
            "_bannerExp": [
                {
                    "Right": "aBayapatraM"
                }
            ],
            "_meanings": [
                "a written document or\npaper granting assurance of safety;\n<ab>cf.</ab> the modern ‘safe-conduct’.\n"
            ]
        },
        {
            "__line": 28711,
            "_ancestry": [
                "L_ 2976",
                "B_ {#aBaya#}",
                "S_ {#--mudrA#}"
            ],
            "_banner": "{#--mudrA#}",
            "_bannerExp": [
                {
                    "Right": "aBayamudrA"
                }
            ],
            "_meanings": [
                "a variety of mudrā in \nTantra literature. "
            ]
        },
        {
            "__line": 28712,
            "_ancestry": [
                "L_ 2976",
                "B_ {#aBaya#}",
                "S_ {#--yAcanA#}"
            ],
            "_banner": "{#--yAcanA#}",
            "_bannerExp": [
                {
                    "Right": "aBayayAcanA"
                }
            ],
            "_meanings": [
                "asking for\nprotection; {#°aMjaliH#} <ls>R. 11. 78.</ls>\n"
            ]
        },
        {
            "__line": 28714,
            "_ancestry": [
                "L_ 2976",
                "B_ {#aBaya#}",
                "S_ {#--vacanaM, --vAc#}"
            ],
            "_banner": "{#--vacanaM, --vAc#}",
            "_bannerExp": [
                {
                    "Right": "aBayavAc"
                },
                {
                    "Right": "aBayavacanaM"
                }
            ],
            "_gram": [
                "{%<ab>f.</ab>%}"
            ],
            "_meanings": [
                "an assurance or\npromise of safety. "
            ]
        },
        {
            "__line": 28715,
            "_ancestry": [
                "L_ 2976",
                "B_ {#aBaya#}",
                "S_ {#--sani#}"
            ],
            "_banner": "{#--sani#}",
            "_bannerExp": [
                {
                    "Right": "aBayasani"
                }
            ],
            "_gram": [
                "{%<ab>a.</ab>%}"
            ],
            "_meanings": [
                "<ab>Ved.</ab>\ngiving safety."
            ]
        }
    ]
}