{
    "__line": 249223,
    "_ancestry": [
        "L_ 29773",
        "B_ {#saMmA#}"
    ],
    "_banner": "{#saMmA#}",
    "_bannerExp": [
        {
            "Right": "saMmA"
        }
    ],
    "_gram": [
        "{c3c}",
        "<ab>A.</ab>",
        "{c2c}",
        "<ab>P.</ab>"
    ],
    "_meanings": [
        "{@--1@} To measure. ",
        "{@--2@}\nTo make equal, equalize; see  \n{#saMmita#}. ",
        "{@--3@} To liken, compare. ",
        "{@--4@} To be\ncomprised or contained in;  \n{#mfRAlasUtramapi te na saMmAti stanAMtare#} <ls>Subhāṣ.</ls> ",
        "{@--5@} \n\nTo distribute, grant, bestow (<ab>Ved.</ab>)"
    ]
}