{
    "__line": 252116,
    "_ancestry": [
        "L_ 30155",
        "B_ {#sAraMga#}"
    ],
    "_banner": "{#sAraMga#}",
    "_bannerExp": [
        {
            "Right": "sAraMgI"
        },
        {
            "Right": "sAraMga"
        }
    ],
    "_gram": [
        "{%<ab>a.</ab>%}",
        "({#gI#}|{%<ab>f.</ab>%})",
        "[{#sAraM aMgamasya#}\n{#SakaM°#}]"
    ],
    "_meanings": [
        "Spotted, variegated. "
    ],
    "_morphisms": [
        {
            "__line": 252117,
            "_ancestry": [
                "L_ 30155",
                "B_ {#sAraMga#}",
                "M_ {#--gaH#}"
            ],
            "_banner": "{#--gaH#}",
            "_bannerExp": [
                {
                    "Right": "sAraMgaH"
                }
            ],
            "_meanings": [
                "{@--1@} The variegated colour. ",
                "{@--2@} The\nspotted deer, an antelope; {#eza#} \n{#rAjeva duzyaMtaH sAraMgeRAtiraMhasA#} <ls>Ś. 1. 5.</ls>\n",
                "{@--3@} A deer in general; {#sAraMgAste#} \n{#jalalavamucaH sUcayizyaMti mArgaM#} <ls>Me. 21</ls>\n(where it is preferable to take this\nsense rather than that of ‘elephant’\nor ‘bee’). ",
                "{@--4@} A lion. ",
                "{@--5@} An elephant.\n",
                "{@--6@} A large black bee. ",
                "{@--7@} The \ncuckoo. ",
                "{@--8@} A large crane. ",
                "{@--9@} The \nflamingo. ",
                "{@--10@} A peacock. ",
                "{@--11@} An \numbrella. ",
                "{@--12@} A cloud. ",
                "{@--13@} A \ngarment. ",
                "{@--14@} Hair. ",
                "{@--15@} A conch-shell.\n",
                "{@--16@} <ab>N.</ab> of Śiva. ",
                "{@--17@} The god of \n\nlove. ",
                "{@--18@} A lotus. ",
                "{@--19@} Camphor.\n",
                "{@--20@} A bow. ",
                "{@--21@} Sandal. ",
                "{@--22@} A\nkind of musical instrument. ",
                "{@--23@} An\nornament. ",
                "{@--24@} Gold. ",
                "{@--25@} The earth.\n",
                "{@--26@} The Cātaka bird. ",
                "{@--27@} A\nflower. ",
                "{@--28@} Night. ",
                "{@--29@} Light."
            ]
        }
    ]
}