{
    "__line": 253232,
    "_ancestry": [
        "L_ 30293",
        "B_ {#sidDiH#}"
    ],
    "_banner": "{#sidDiH#}",
    "_bannerExp": [
        {
            "Right": "sidDiH"
        }
    ],
    "_gram": [
        "{%<ab>f.</ab>%}",
        "[{#siD-ktin#}]"
    ],
    "_meanings": [
        "{@--1@} \nAccomplishment, fulfilment, completion,\nperfection, complete attainment (of\nan object); {#kriyAsidDiH sattve Bavati#}\n{#mahatAM nopakaraRe#} <ls>Subhāṣ.</ls> ",
        "{@--2@} Success,\nprosperity, welfare, well-being. ",
        "{@--3@}\nEstablishment, settlement. ",
        "{@--4@} \nSubstantiation, demonstration, proof,\nindisputable conclusion. ",
        "{@--5@} \nValidity (of a rule, law &c.). ",
        "{@--6@} Decision,\nadjudication, settlement (of a \nlawsuit). ",
        "{@--7@} Certainty, truth, accuracy,\ncorrectness. ",
        "{@--8@} Payment, liquidation\n(of a debt). ",
        "{@--9@} Preparing, cooking\n(as of drugs &c.). ",
        "{@--10@} The \nsolution of a problem. ",
        "{@--11@} Readiness.\n",
        "{@--12@} Complete purity or \nsanctification. ",
        "{@--13@} A superhuman power or\nfaculty; (these faculties are eight:\n--{#aRimA laGimA prAptiH prAkAmyaM mahimA taTA .#}\n{#ISitvaM ca vaSitvaM ca taTA kAmAvasAyitA#}).\n",
        "{@--14@} The acquisition of supernatural\npowers by magical means. ",
        "{@--15@} \nMarvellous skill or capability. ",
        "{@--16@}\nGood effect or result. ",
        "{@--17@} Final\nbeatitude, final emancipation. ",
        "{@--18@}\nUnderstanding, intellect. ",
        "{@--19@} \nConcealment, vanishing, making \noneself invisible. ",
        "{@--20@} A magical shoe.\n",
        "{@--21@} A kind of Yoga. ",
        "{@--22@} <ab>N.</ab> of\nDurgā. ",
        "{@--23@} Complete knowledge.\n",
        "{@--24@} Advantage, use, good effect.\n",
        "{@--25@} <ab>N.</ab> of Śiva ({%<ab>m.</ab>%} in this sense).\n"
    ],
    "_samasas": [
        {
            "__line": 253265,
            "_ancestry": [
                "L_ 30293",
                "B_ {#sidDiH#}",
                "S_  {#--da#}"
            ],
            "_banner": " {#--da#}",
            "_bannerExp": [
                {
                    "Right": "sidDida"
                }
            ],
            "_gram": [
                "{%<ab>a.</ab>%}"
            ],
            "_meanings": [
                "{1} granting success\nor supreme felicity. ",
                "{2} giving the\neight superhuman faculties;  \n<ls>Māl. 5. 1.</ls> "
            ],
            "_morphisms": [
                {
                    "__line": 253268,
                    "_ancestry": [
                        "L_ 30293",
                        "B_ {#sidDiH#}",
                        "S_  {#--da#}",
                        "S_M_ ({#--daH#}"
                    ],
                    "_banner": "({#--daH#}",
                    "_bannerExp": [
                        {
                            "Left": "S_M_ 1 error: sidDida ({#--daH#}"
                        }
                    ],
                    "_meanings": [
                        "an epithet of Śiva.  \n"
                    ]
                }
            ]
        },
        {
            "__line": 253269,
            "_ancestry": [
                "L_ 30293",
                "B_ {#sidDiH#}",
                "S_ {#--dAtrI#}"
            ],
            "_banner": "{#--dAtrI#}",
            "_bannerExp": [
                {
                    "Right": "sidDidAtrI"
                }
            ],
            "_meanings": [
                "an epithet of Durgā. "
            ]
        },
        {
            "__line": 253269,
            "_ancestry": [
                "L_ 30293",
                "B_ {#sidDiH#}",
                "S_ {#--yogaH#}"
            ],
            "_banner": "{#--yogaH#}",
            "_bannerExp": [
                {
                    "Right": "sidDiyogaH"
                }
            ],
            "_meanings": [
                "a\nparticular auspicious conjunction\nof planets. "
            ]
        }
    ]
}