{
    "__line": 255073,
    "_ancestry": [
        "L_ 30417",
        "B_ {#sU#}"
    ],
    "_banner": "{#sU#}",
    "_bannerExp": [
        {
            "Right": "sU"
        }
    ],
    "_gram": [
        "{vI.v}",
        "{c2c}",
        "{c4c}",
        "<ab>A.</ab>",
        "({#sUte, sUyate, sUta#})"
    ],
    "_meanings": [
        "To \n\nbring forth, produce, beget, yield\n(<ab>fig.</ab> also); {#asUta sA nAgavaDUpaBogyaM#}\n<ls>Ku. 1. 20</ls>; {#kIrti sUte duzkftaM yA hinAsti#}\n<ls>U. 5. 31.</ls> --WITH {#pra#} to bring forth,\nbeget, produce. "
    ],
    "_morphisms": [
        {
            "__line": 255079,
            "_ancestry": [
                "L_ 30417",
                "B_ {#sU#}",
                "M_ {vII.v}"
            ],
            "_bannerExp": [
                {
                    "Right": "sU"
                }
            ],
            "_gram": [
                "{vII.v}",
                "{c6c}",
                "<ab>P.</ab>",
                "({#suvati#})"
            ],
            "_meanings": [
                "{@--1@} To excite, incite, impel. ",
                "{@--2@} To\nremit (as debt)."
            ]
        }
    ]
}