{
    "__line": 256227,
    "_ancestry": [
        "L_ 30552",
        "B_ {#sevin#}"
    ],
    "_banner": "{#sevin#}",
    "_bannerExp": [
        {
            "Right": "sevin"
        }
    ],
    "_meanings": [
        "{%a%}, ",
        "{@--1@} Serving, worshipping.\n",
        "{@--2@} Following, practising, using. ",
        "{@--3@}\nInhabiting, dwelling. "
    ],
    "_morphisms": [
        {
            "__line": 256229,
            "_ancestry": [
                "L_ 30552",
                "B_ {#sevin#}",
                "M_ {%--<ab>m.</ab>%}"
            ],
            "_bannerExp": [
                {
                    "Right": "sevin"
                }
            ],
            "_gram": [
                "{%--<ab>m.</ab>%}"
            ],
            "_meanings": [
                "A \nservant."
            ]
        }
    ]
}