{
    "__line": 258618,
    "_ancestry": [
        "L_ 30856",
        "B_ {#sTAne#}"
    ],
    "_banner": "{#sTAne#}",
    "_bannerExp": [
        {
            "Right": "sTAne"
        }
    ],
    "_gram": [
        "{%<ab>ind.</ab>%}"
    ],
    "_meanings": [
        "(<ab>loc.</ab> of {#sTAna#}) ",
        "{@--1@} In the\nright or proper place, rightly, \nproperly, justly, truly, appropriately;\n{#sTAne vftA BUpatiBiH parokzEH#} <ls>R. 7. 13</ls>;\n{#sTAne prARAH kAminAM dUtyaDInAH#}  \n<ls>M. 3. 14</ls>; <ls>Ku. 6. 67</ls>, <ls n=\"Ku.\">7. 65.</ls> ",
        "{@--2@} In place\nof, instead of, in lieu of, as a \nsubstitute for; {#DAtoH sTAna ivAdeSaM#} \n{#sugrIvaMsaMnyaveSayat#} <ls>R. 12. 58.</ls> ",
        "{@--3@} On \naccount of, because of. ",
        "{@--4@} Similarly,\nlike, as."
    ]
}