{
    "__line": 259244,
    "_ancestry": [
        "L_ 30913",
        "B_ {#snAyuH#}"
    ],
    "_banner": "{#snAyuH#}",
    "_bannerExp": [
        {
            "Right": "snAyuH"
        }
    ],
    "_gram": [
        "[{#snAti SuDyati dozo'nayA#} \n{#snAuR#} <ls>Tv.</ls>]"
    ],
    "_meanings": [
        "{@--1@} A tendon, muscle, sinew;\n{#svalpaM snAyuvasAvaSezamalinaM#} \n{#nirmAMsamapyasTi goH#} <ls>Bh. 2. 30.</ls> ",
        "{@--2@} The string of\na bow. "
    ],
    "_samasas": [
        {
            "__line": 259248,
            "_ancestry": [
                "L_ 30913",
                "B_ {#snAyuH#}",
                "S_  {#--arman#}"
            ],
            "_banner": " {#--arman#}",
            "_bannerExp": [
                {
                    "Right": "snAyvarman"
                }
            ],
            "_gram": [
                "{%<ab>n.</ab>%}"
            ],
            "_meanings": [
                "a kind of\ndisease of the eyes."
            ]
        }
    ]
}