{
    "__line": 261547,
    "_ancestry": [
        "L_ 31178",
        "B_ {#svAcCaMdyaM#}"
    ],
    "_banner": "{#svAcCaMdyaM#}",
    "_bannerExp": [
        {
            "Right": "svAcCaMdyaM"
        }
    ],
    "_gram": [
        "[{#svacCaMdasya BAvaH zyaY#}]"
    ],
    "_meanings": [
        "The power of following one's own\nwill or fancy, wilfulness, \nindependence; {#kanyApradAnaM svAcCaMdyAdAsuro Darma#}\n{#ucyate#} <ls>Ms. 3. 31.</ls> ({#svAcCaMdyena#}, \n{#svAcCaMdyatas#} mean ‘wilfully’, ‘voluntarily’)."
    ]
}