{
    "__line": 261741,
    "_ancestry": [
        "L_ 31206",
        "B_ {#svAlpa#}"
    ],
    "_banner": "{#svAlpa#}",
    "_bannerExp": [
        {
            "Right": "svAlpI"
        },
        {
            "Right": "svAlpa"
        }
    ],
    "_gram": [
        "{%<ab>a.</ab>%}",
        "({#lpI#}|{%<ab>f.</ab>%})"
    ],
    "_meanings": [
        "{@--1@} Little,\nsmall. ",
        "{@--2@} Few. "
    ],
    "_morphisms": [
        {
            "__line": 261742,
            "_ancestry": [
                "L_ 31206",
                "B_ {#svAlpa#}",
                "M_ {#--lpaM#}"
            ],
            "_banner": "{#--lpaM#}",
            "_bannerExp": [
                {
                    "Right": "svAlpaM"
                }
            ],
            "_meanings": [
                "{@--1@} Littleness,\nsmallness. ",
                "{@--2@} Smallness of \nnumber."
            ]
        }
    ]
}