{
    "__line": 262129,
    "_ancestry": [
        "L_ 31251",
        "B_ {#han#}"
    ],
    "_banner": "{#han#}",
    "_bannerExp": [
        {
            "Right": "han"
        }
    ],
    "_gram": [
        "{c2c}",
        "<ab>P.</ab>",
        "({#haMti, jaGAna, avaDIt#}, \n{#avaDizwa-ahata; hanizyati, haMtuM, hata#}; {%<ab>pass.</ab>%}  \n{#hanyate#}; {%<ab>caus.</ab>%} {#GAtayati-te#}; {%<ab>desid.</ab>%} {#jiGAMsati#})"
    ],
    "_meanings": [
        "{@--1@}\nTo kill, slay, destroy, strike down;\n{#trayaSca dUzaRaKaratrimUrDAno raRe hatAH#} <ls>U. 2</ls>,\n<ls n=\"U.\">15</ls>; {#hatamapi ca haMtyeva madanaH#} <ls>Bh. 3. 18.</ls>\n",
        "{@--2@} To strike, beat; {#caMqI caMqa#} \n{#haMtumaByudyatA mAM vidyuddAmnA meGarAjIva viMDyaM#}  \n<ls>M. 3. 20</ls>, <ls>Śi. 7. 56.</ls> ",
        "{@--3@} To hurt, injure,\nafflict, torment; as in {#kAmahata#}. ",
        "{@--4@} To\nput down, abandon; {#tfzRAM CiMdDi Baja#}\n{#kzamAM jahi madaM#} <ls>Bh. 2. 77.</ls> ",
        "{@--5@} To \nremove, take away, destroy;  \n{#aMBojinIvananivAsavilAsameva haMsasya haMti nitarAM#}\n{#kupito viDAtA#} <ls>Bh. 2. 18.</ls> ",
        "{@--6@} To \nconquer, overthrow, defeat, overcome;\n{#viGnEH sahasraguRitErapi hanyamAnAH#} \n{#prArabDamuttamajanA na parityajaMti#} <ls>Subhāṣ.</ls> ",
        "{@--7@}\nTo hinder, obstruct. ",
        "{@--8@} To mar,\nspoil; <ls>Ki. 2. 37.</ls> ",
        "{@--9@} To raise;  \n{#turagaKurahatastaTA hi reRuH#} <ls>Ś. 1. 32.</ls> ",
        "{@--10@} To\nmultiply (in math.). ",
        "{@--11@} To go\n(rarely used in classical literature\nin this sense; and when used it is\nregarded as a fault of composition);\n{%<ab>e. g.</ab>%} {#kuMjaM haMti kfSodarI#} <ls>S. D. 7</ls>; or  \n{#tIrTAMtarezu snAnena samupArjitasatkftiH .#} \n{#surasrotasvinImeza haMti saMprati sAdaraM#} <ls>K. P. 7</ls> (given\nas an instance of the {#doza#} called  \n{#asamarTatpa#}). "
    ],
    "_morphisms": [
        {
            "__line": 262158,
            "_ancestry": [
                "L_ 31251",
                "B_ {#han#}",
                "M_ {%--<ab>Caus.</ab>%}"
            ],
            "_bannerExp": [
                {
                    "Right": "han"
                }
            ],
            "_gram": [
                "{%--<ab>Caus.</ab>%}"
            ],
            "_meanings": [
                "{@--1@} To cause to be\nkilled, kill, slay. ",
                "{@--2@} To destroy,\nruin, mar, spoil; <ls>Pt. 1. 363.</ls> --WITH\n{#ati#} to injure excessively. "
            ]
        },
        {
            "__line": 262161,
            "_ancestry": [
                "L_ 31251",
                "B_ {#han#}",
                "M_ {#--aMtar#}"
            ],
            "_banner": "{#--aMtar#}",
            "_bannerExp": [
                {
                    "Right": "antarhan"
                }
            ],
            "_meanings": [
                "to strike in the middle."
            ]
        }
    ]
}