{
    "__line": 30991,
    "_ancestry": [
        "L_ 3263",
        "B_ {#aBiyuj#}"
    ],
    "_banner": "{#aBiyuj#}",
    "_bannerExp": [
        {
            "Right": "aBiyuj"
        }
    ],
    "_gram": [
        "{c7c}",
        "<ab>A.</ab>"
    ],
    "_meanings": [
        "{@--1@} To apply oneself\nto, exert oneself, make oneself\nready for, prepare, set about, strive\nor endeavour (used in {%passive%} also\nin this sense); {#tadyadi na sahase tataH#}\n{#svayamaBiyujyasva . ete#} \n{#svakarmaRyaBiyujyAmahe .#} <ls>Mu. 3</ls>; <ls>Dk. 55</ls>; <ls>K. 300</ls>;\n{#vyasanamaBiyuMjAnasya#} <ls>Mu. 4</ls> trying\nto find out a weak point. ",
        "{@--2@} To\nattack, assail; {#BavaMtamaBiyoktumudyuMkte#}\n<ls>Dk. 3</ls>; {#vfzalamaBiyoktumudyataH#} <ls>Mu. 1</ls>; {#ka#}\n{#idAnImaBiyokzyate#} <ls>U. 3.</ls> ",
        "{@--3@} To accuse,\ncharge; complain or inform against,\nprosecute, claim or demand (as in\na law-suit); {#na tatra vidyate#} \n{#kiMcidyatparEraBiyujyate#} <ls>Ms. 8. 183</ls>;  \n{#viBAvitEkadeSena deyaM yadaBiyujyate#} <ls>V. 4. 17</ls> \nclaimed, asked, or demanded; <ls>Y. 2. 9</ls>,\n<ls n=\"Y. 2.\">28</ls>, <ls n=\"Y. 2.\">100.</ls> ",
        "{@--4@} To wish or long for,\ndesire, ask for, request. ",
        "{@--5@} To say,\nspeak, tell; {#nABiyoktumanftaM tvamizyase#}\n<ls>Ki. 13. 58</ls>, <ls n=\"Ki.\">14. 7.</ls> ",
        "{@--6@} To appoint to,\nentrust with (with <ab>loc.</ab>). ",
        "{@--7@} To use\nwith (<ab>instr.</ab>). ",
        "{@--8@} To be working or\noperative. ",
        "{@--9@} To put to; harness;\nharness repeatedly. ",
        "{@--10@} To hurt.\n"
    ],
    "_morphisms": [
        {
            "__line": 31017,
            "_ancestry": [
                "L_ 3263",
                "B_ {#aBiyuj#}",
                "M_ {%--<ab>Caus.</ab>%}"
            ],
            "_bannerExp": [
                {
                    "Right": "aBiyuj"
                }
            ],
            "_gram": [
                "{%--<ab>Caus.</ab>%}"
            ],
            "_meanings": [
                "To join or unite to, attach\noneself to; {#parakalatrezu suhfttvenABiyojya#}\n<ls>Dk. 163.</ls>"
            ]
        }
    ]
}