{
    "__line": 31451,
    "_ancestry": [
        "L_ 3326",
        "B_ {#aBivAhya#}"
    ],
    "_banner": "{#aBivAhya#}",
    "_bannerExp": [
        {
            "Right": "aBivAhya"
        }
    ],
    "_gram": [
        "{%<ab>pot. p.</ab>%}"
    ],
    "_meanings": [
        "To be carried\nnear. "
    ],
    "_morphisms": [
        {
            "__line": 31452,
            "_ancestry": [
                "L_ 3326",
                "B_ {#aBivAhya#}",
                "M_ {#--hyaM#}"
            ],
            "_banner": "{#--hyaM#}",
            "_bannerExp": [
                {
                    "Right": "aBivAhyaM"
                }
            ],
            "_meanings": [
                "{@--1@} Conveyance, \ntransmission, carrying; <ls>Ms. 1. 94.</ls> ",
                "{@--2@}\nPresentation, offering."
            ]
        }
    ]
}