{
    "__line": 31732,
    "_ancestry": [
        "L_ 3371",
        "B_ {#aBiSap#}"
    ],
    "_banner": "{#aBiSap#}",
    "_bannerExp": [
        {
            "Right": "aBiSap"
        }
    ],
    "_gram": [
        "{c1c}",
        "<ab>U.</ab>"
    ],
    "_meanings": [
        "To curse, execrate;\n{#aBiSaptaH PalametadanvaBUt#} <ls>Ku. 4. 41.</ls>\n"
    ],
    "_morphisms": [
        {
            "__line": 31734,
            "_ancestry": [
                "L_ 3371",
                "B_ {#aBiSap#}",
                "M_ {%--<ab>Caus.</ab>%}"
            ],
            "_bannerExp": [
                {
                    "Right": "aBiSap"
                }
            ],
            "_gram": [
                "{%--<ab>Caus.</ab>%}"
            ],
            "_meanings": [
                "To conjure, invoke (as by\ncharms), charm, enchant; {#satyena#} \n{#mABirakza tvaM varuRetyaBiSApya kaM#} <ls>Y. 2. 108.</ls>"
            ]
        }
    ]
}