{
    "__line": 33576,
    "_ancestry": [
        "L_ 3664",
        "B_ {#aByAvartaH#}"
    ],
    "_banner": "{#aByAvartaH#}",
    "_bannerExp": [
        {
            "Right": "aByAvartaH"
        }
    ],
    "_meanings": [
        "{@--1@} Repetition. ",
        "{@--2@} A hymn\nthe verses of which are repeated\nin singing ({#AvfttistotraM#}). "
    ],
    "_morphisms": [
        {
            "__line": 33578,
            "_ancestry": [
                "L_ 3664",
                "B_ {#aByAvartaH#}",
                "M_ {#--rtaM#}"
            ],
            "_banner": "{#--rtaM#}",
            "_bannerExp": [
                {
                    "Right": "aByAvartaM"
                }
            ],
            "_gram": [
                "{%<ab>adv.</ab>%}"
            ],
            "_meanings": [
                "By repeating, repeatedly."
            ]
        }
    ]
}