{
    "__line": 33945,
    "_ancestry": [
        "L_ 3721",
        "B_ {#aByuzita#}"
    ],
    "_banner": "{#aByuzita#}",
    "_bannerExp": [
        {
            "Right": "aByuzita"
        }
    ],
    "_gram": [
        "{%<ab>a.</ab>%}",
        "[{#vas-kta#}]"
    ],
    "_meanings": [
        "Dwelling\nnear or with. "
    ],
    "_morphisms": [
        {
            "__line": 33946,
            "_ancestry": [
                "L_ 3721",
                "B_ {#aByuzita#}",
                "M_ {#--taH#}"
            ],
            "_banner": "{#--taH#}",
            "_bannerExp": [
                {
                    "Right": "aByuzitaH"
                }
            ],
            "_meanings": [
                "A servant who\nis in attendance."
            ]
        }
    ]
}