{
    "__line": 6032,
    "_ancestry": [
        "L_ 396",
        "B_ {#ajinaM#}"
    ],
    "_banner": "{#ajinaM#}",
    "_bannerExp": [
        {
            "Right": "ajinaM"
        }
    ],
    "_gram": [
        "[{#ajati kzipati rajaAdi#} \n{#AvaraRena; aj-inac, ajeraja ca#} <ls>Uṇ. 2. 48</ls>,  \n{#vIBAvabADanArTaM#}]"
    ],
    "_meanings": [
        "{@--1@} The (hairy) skin of\na tiger, lion, elephant &c., especially\nof a black antelope (used as a seat,\ngarment &c.); {#aTAjinAzAQaDaraH#}  \n<ls>Ku. 5. 30</ls>, <ls n=\"Ku. 5.\">67</ls>, <ls>Ki. 11. 15</ls>; {#EReyenAjinena#} \n{#brAhmaRaM rOraveRa kzatriyaM Ajinena vESyaM#}\n<ls>Āśval.</ls> ",
        "{@--2@} A sort of leather bag or\nbellows. "
    ],
    "_samasas": [
        {
            "__line": 6041,
            "_ancestry": [
                "L_ 396",
                "B_ {#ajinaM#}",
                "S_  {#--patrA --trI --trikA#}"
            ],
            "_banner": " {#--patrA --trI --trikA#}",
            "_bannerExp": [
                {
                    "Right": "ajinapatrA"
                },
                {
                    "Right": "ajinapatrI"
                },
                {
                    "Right": "ajinatrikA"
                }
            ],
            "_gram": [
                "[ \n{#ajinaM carmEva suSlizwaM patraM pakzo yasyAH sA, gOrA°#}\n{#NIp svArTe kan#}]"
            ],
            "_meanings": [
                "a bat. "
            ]
        },
        {
            "__line": 6043,
            "_ancestry": [
                "L_ 396",
                "B_ {#ajinaM#}",
                "S_ {#--PalA#}"
            ],
            "_banner": "{#--PalA#}",
            "_bannerExp": [
                {
                    "Right": "ajinaPalA"
                }
            ],
            "_gram": [
                "[{#ajinaM#} \n{#Bastreva PalaM yasyAH sA#}]"
            ],
            "_meanings": [
                "<ab>N.</ab> of a plant ( \n{#BastrAkAraPalo vfkzaH#}). "
            ]
        },
        {
            "__line": 6045,
            "_ancestry": [
                "L_ 396",
                "B_ {#ajinaM#}",
                "S_ {#--yoniH#}"
            ],
            "_banner": "{#--yoniH#}",
            "_bannerExp": [
                {
                    "Right": "ajinayoniH"
                }
            ],
            "_gram": [
                "[{#ajinasya yoniH#} \n{#praBavaH#}]"
            ],
            "_meanings": [
                "a deer, an antelope. "
            ]
        },
        {
            "__line": 6046,
            "_ancestry": [
                "L_ 396",
                "B_ {#ajinaM#}",
                "S_ {#--vAsin#}"
            ],
            "_banner": "{#--vAsin#}",
            "_bannerExp": [
                {
                    "Right": "ajinavAsin"
                }
            ],
            "_gram": [
                "{%<ab>a.</ab>%}",
                "[{#ajinaM vaste, vas Rini#}]"
            ],
            "_meanings": [
                "clad in an \nantelope-hide. "
            ]
        },
        {
            "__line": 6048,
            "_ancestry": [
                "L_ 396",
                "B_ {#ajinaM#}",
                "S_ {#--saMDaH#}"
            ],
            "_banner": "{#--saMDaH#}",
            "_bannerExp": [
                {
                    "Right": "ajinasaMDaH"
                }
            ],
            "_gram": [
                "[{#ajinaM saMdaDAti#}]"
            ],
            "_meanings": [
                "a\nfurrier."
            ]
        }
    ]
}