{
    "__line": 40206,
    "_ancestry": [
        "L_ 4375",
        "B_ {#avakxp#}"
    ],
    "_banner": "{#avakxp#}",
    "_bannerExp": [
        {
            "Right": "avakxp"
        }
    ],
    "_gram": [
        "{c1c}",
        "<ab>A.</ab>"
    ],
    "_meanings": [
        "{@--1@} To correspond\nwith, to answer. ",
        "{@--2@} To be right or fit,\nto be possible; {#itaSca na praDAnasya#} \n{#pravfttiravakalpate#} <ls>Ś. B.</ls> ",
        "{@--3@} To help to, to serve,\nto accomplish, result in (with <ab>dat.</ab>);\n{#SarIriRAM saMsftaye'vakalpate#} <ls>Bhāg.</ls> "
    ],
    "_morphisms": [
        {
            "__line": 40211,
            "_ancestry": [
                "L_ 4375",
                "B_ {#avakxp#}",
                "M_ {%--<ab>Caus.</ab>%}"
            ],
            "_bannerExp": [
                {
                    "Right": "avakxp"
                }
            ],
            "_gram": [
                "{%--<ab>Caus.</ab>%}"
            ],
            "_meanings": [
                "{@--1@} To put in order, to prepare; to\nmake ready; {#saMBArAnavakalpaya#} <ls>Mb.</ls> ",
                "{@--2@} To\nuse or employ becomingly. ",
                "{@--3@} To\nconsider as possible;  \n{#nAvakalpyamidaMglAyedyatkfcCrezu BavAnapi#} <ls>Bk. 19. 17</ls>;  \n{#yattatraBavAnvfzalaM yAjayennAvakalpayAmi#}  \n<ls>P. III. 3. 147</ls> <ls>Sk.</ls>"
            ]
        }
    ]
}