{
    "__line": 44658,
    "_ancestry": [
        "L_ 5026",
        "B_ {#avijYAta#}"
    ],
    "_banner": "{#avijYAta#}",
    "_bannerExp": [
        {
            "Right": "avijYAta"
        }
    ],
    "_gram": [
        "{%<ab>a.</ab>%}"
    ],
    "_meanings": [
        "{@--1@} Unknown. ",
        "{@--2@} \nUnintelligible, doubtful, indistinct.\n"
    ],
    "_samasas": [
        {
            "__line": 44660,
            "_ancestry": [
                "L_ 5026",
                "B_ {#avijYAta#}",
                "S_  {#--gada#}"
            ],
            "_banner": " {#--gada#}",
            "_bannerExp": [
                {
                    "Right": "avijYAtagada"
                }
            ],
            "_gram": [
                "{%<ab>a.</ab>%}"
            ],
            "_meanings": [
                "<ab>Ved.</ab> speaking in\nan unintelligible way."
            ]
        }
    ]
}