{
    "__line": 44924,
    "_ancestry": [
        "L_ 5071",
        "B_ {#avimukta#}"
    ],
    "_banner": "{#avimukta#}",
    "_bannerExp": [
        {
            "Right": "avimukta"
        }
    ],
    "_gram": [
        "{%<ab>a.</ab>%}"
    ],
    "_meanings": [
        "Unloosed, not \nquitted or let go. "
    ],
    "_morphisms": [
        {
            "__line": 44925,
            "_ancestry": [
                "L_ 5071",
                "B_ {#avimukta#}",
                "M_ {#--ktaM#}"
            ],
            "_banner": "{#--ktaM#}",
            "_bannerExp": [
                {
                    "Right": "avimuktaM"
                }
            ],
            "_meanings": [
                "{@--1@} <ab>N.</ab> of a Tīrtha\nor sacred place near Benares, or \nBenares itself; {#na vimuktaM SivAByAM#} \n{#yadavimuktaM tato viduH#}. ",
                "{@--2@} The space \nbetween the chin and the head. "
            ]
        }
    ],
    "_samasas": [
        {
            "__line": 44929,
            "_ancestry": [
                "L_ 5071",
                "B_ {#avimukta#}",
                "S_ \n{#--ISvaraH#}"
            ],
            "_banner": "\n{#--ISvaraH#}",
            "_bannerExp": [
                {
                    "Right": "avimukteSvaraH"
                }
            ],
            "_meanings": [
                "a celebrated Śiva-linga at\nBenares."
            ]
        }
    ]
}