{
    "__line": 7100,
    "_ancestry": [
        "L_ 512",
        "B_ {#atikaTA#}"
    ],
    "_banner": "{#atikaTA#}",
    "_bannerExp": [
        {
            "Right": "atikaTA"
        }
    ],
    "_meanings": [
        "{@--1@} An exaggerated tale.\n",
        "{@--2@} Idle or meaningless talk. "
    ],
    "_morphisms": [
        {
            "__line": 7101,
            "_ancestry": [
                "L_ 512",
                "B_ {#atikaTA#}",
                "M_ {#--Ta#}"
            ],
            "_banner": "{#--Ta#}",
            "_bannerExp": [
                {
                    "Right": "atikaTa"
                }
            ],
            "_gram": [
                "{%<ab>a.</ab>%}"
            ],
            "_meanings": [
                "{@--1@} Exaggerated, incredible ( \n{#aSradDeya#}). ",
                "{@--2@} Unfit to be told. ",
                "{@--3@} Past \nnarration or mention, dead, lost. ",
                "{@--4@}\nSwerving from one's caste \ntraditions &c; lawless."
            ]
        }
    ]
}