{
    "__line": 45293,
    "_ancestry": [
        "L_ 5134",
        "B_ {#avfka#}"
    ],
    "_banner": "{#avfka#}",
    "_bannerExp": [
        {
            "Right": "avfka"
        }
    ],
    "_gram": [
        "{%<ab>a.</ab>%}"
    ],
    "_meanings": [
        "{@--1@} Free from danger, \n\nsafe. ",
        "{@--2@} Not hurting, inoffensive,\ntrue. ",
        "{@--3@} Free from one who \nobscures. "
    ],
    "_morphisms": [
        {
            "__line": 45297,
            "_ancestry": [
                "L_ 5134",
                "B_ {#avfka#}",
                "M_ {#--kaM#}"
            ],
            "_banner": "{#--kaM#}",
            "_bannerExp": [
                {
                    "Right": "avfkaM"
                }
            ],
            "_meanings": [
                "{@--1@} Safety, peace, \nsecurity. ",
                "{@--2@} Quiet, repose."
            ]
        }
    ]
}