{
    "__line": 7395,
    "_ancestry": [
        "L_ 545",
        "B_ {#aticar#}"
    ],
    "_banner": "{#aticar#}",
    "_bannerExp": [
        {
            "Right": "aticar"
        }
    ],
    "_gram": [
        "{c1c}",
        "<ab>P.</ab>"
    ],
    "_meanings": [
        "{@--1@} To transgress, \nviolate; be unfaithful to, offend (as\na wife &c.); {#svaM svamAcAramatyacArizuH#}\n<ls>Dk. 162</ls>; {#yaTA cAhaM nAticare patIn#};\n{#putrAH pitFnatyacarannAryaScAtyacaran patIn#}\n<ls>Mb.</ls> ",
        "{@--2@} To pass by, neglect, omit. ",
        "{@--3@}\nTo overtake, overcome; surpass,\nexcel."
    ]
}