{
    "__line": 48830,
    "_ancestry": [
        "L_ 5533",
        "B_ {#asiH#}"
    ],
    "_banner": "{#asiH#}",
    "_bannerExp": [
        {
            "Right": "asiH"
        }
    ],
    "_gram": [
        "[{#asyate kzipyate; as-in#}  \n<ls>Uṇ. 4. 139</ls>]"
    ],
    "_meanings": [
        "{@--1@} A sword. ",
        "{@--2@} A knife used\nfor killing animals. ",
        "{@--3@} [{#asyati sevanena#}\n{#pApAni#}] <ab>N.</ab> of a river to the south of\nBenares. ",
        "{@--4@} Breath ({#SvAsa#}). "
    ],
    "_morphisms": [
        {
            "__line": 48834,
            "_ancestry": [
                "L_ 5533",
                "B_ {#asiH#}",
                "M_ {#--si#}"
            ],
            "_banner": "{#--si#}",
            "_bannerExp": [
                {
                    "Right": "asi"
                }
            ],
            "_gram": [
                "{%<ab>ind.</ab>%}"
            ],
            "_meanings": [
                "The 2nd <ab>pers.</ab> <ab>sing.</ab> of the Present\nof {#as#} to be, used as an \nindeclinable in the sense of {#‘tvam’#} thou;\nas in {#kftavAnasi vipriyaM na me#}  \n<ls>Ku. 4. 7</ls> (where however {#asi#} may be taken\nas a verb). "
            ]
        }
    ],
    "_samasas": [
        {
            "__line": 48840,
            "_ancestry": [
                "L_ 5533",
                "B_ {#asiH#}",
                "S_  {#--asi#}"
            ],
            "_banner": " {#--asi#}",
            "_bannerExp": [
                {
                    "Right": "asyasi"
                }
            ],
            "_gram": [
                "{%<ab>ind.</ab>%}"
            ],
            "_meanings": [
                "sword against sword. "
            ]
        },
        {
            "__line": 48841,
            "_ancestry": [
                "L_ 5533",
                "B_ {#asiH#}",
                "S_ {#--gaMqaH#}"
            ],
            "_banner": "{#--gaMqaH#}",
            "_bannerExp": [
                {
                    "Right": "asigaMqaH"
                }
            ],
            "_meanings": [
                "a\nsmall pillow for the cheeks; ({#asiH#}\n{#kzipto gaMqo yatra#} <ls>Tv.</ls>). "
            ]
        },
        {
            "__line": 48843,
            "_ancestry": [
                "L_ 5533",
                "B_ {#asiH#}",
                "S_ {#--jIvin#}"
            ],
            "_banner": "{#--jIvin#}",
            "_bannerExp": [
                {
                    "Right": "asijIvin"
                }
            ],
            "_gram": [
                "{%<ab>a.</ab>%}"
            ],
            "_meanings": [
                "one who\nearns his livelihood by means of\nswords, a soldier fighting for wages.\n"
            ]
        },
        {
            "__line": 48846,
            "_ancestry": [
                "L_ 5533",
                "B_ {#asiH#}",
                "S_ {#--daMzwraH, --daMzwrakaH#}"
            ],
            "_banner": "{#--daMzwraH, --daMzwrakaH#}",
            "_bannerExp": [
                {
                    "Right": "asidaMzwraH"
                },
                {
                    "Right": "asidaMzwrakaH"
                }
            ],
            "_meanings": [
                "the marine monster\n{%makara%} or crocodile (painted on\nthe banner of Kāmadeva). "
            ]
        },
        {
            "__line": 48848,
            "_ancestry": [
                "L_ 5533",
                "B_ {#asiH#}",
                "S_ {#--daMtaH#}"
            ],
            "_banner": "{#--daMtaH#}",
            "_bannerExp": [
                {
                    "Right": "asidaMtaH"
                }
            ],
            "_meanings": [
                "a crocodile. "
            ]
        },
        {
            "__line": 48849,
            "_ancestry": [
                "L_ 5533",
                "B_ {#asiH#}",
                "S_ {#--DArA#}"
            ],
            "_banner": "{#--DArA#}",
            "_bannerExp": [
                {
                    "Right": "asiDArA"
                }
            ],
            "_meanings": [
                "the edge of a\nsword; {#suragaja iva daMtErBagnadEtyAsiDArEH#}\n<ls>R. 10. 86</ls>, <ls n=\"R. 10.\">41.</ls> "
            ]
        },
        {
            "__line": 48851,
            "_ancestry": [
                "L_ 5533",
                "B_ {#asiH#}",
                "S_ {#--DArAvrataM#}"
            ],
            "_banner": "{#--DArAvrataM#}",
            "_bannerExp": [
                {
                    "Right": "asiDArAvrataM"
                }
            ],
            "_gram": [
                "[{#asiDArAyAM#}\n{#sTitiriva duzkaraM vrataM#}]"
            ],
            "_meanings": [
                "{1} (according to\nsome) the vow of standing on the\nedge of a sword; (according to\nothers) the vow of keeping \nconstant company with a young wife\nand yet steadily resisting the \ntemptation of sexual intercourse with\nher; {#yatrEkaSayanasTApi pramadA nopaBujyate .#}\n{#asiDArAvrataM nAma vadaMti munipuMgavAH ..#} or  \n{#Sayane maDye KaqgaM viDAya strIpuMsO yatra brahmacaryeRa#}\n{#svapatastat#}; or {#yuvA yuvatyA sArDaM#} \n{#yanmugDaBartfvadAcaret . aMtarnivfttasaMgaH syAdasiDArAvrataM hi#}\n{#tat#} <ls>Yādava</ls>. ",
                "{2} (hence <ab>fig.</ab>) any\nhopelessly difficult task; {#satAM#} \n{#kenoddizwaM vizamamasiDArAvratamidaM#} <ls>Bh. 2. 28</ls>, <ls n=\"Bh. 2.\">64</ls>;\n{#asiDArAvratamidaM yadariRAsaha saMvAsaH#}  \n<ls>Pt. 3.</ls> "
            ]
        },
        {
            "__line": 48868,
            "_ancestry": [
                "L_ 5533",
                "B_ {#asiH#}",
                "S_ {#--DAvaH, --DAvakaH#}"
            ],
            "_banner": "{#--DAvaH, --DAvakaH#}",
            "_bannerExp": [
                {
                    "Right": "asiDAvaH"
                },
                {
                    "Right": "asiDAvakaH"
                }
            ],
            "_meanings": [
                "an armourer,\nfurbisher. "
            ]
        },
        {
            "__line": 48869,
            "_ancestry": [
                "L_ 5533",
                "B_ {#asiH#}",
                "S_ {#--DenuH, --DenukA#}"
            ],
            "_banner": "{#--DenuH, --DenukA#}",
            "_bannerExp": [
                {
                    "Right": "asiDenuH"
                },
                {
                    "Right": "asiDenukA"
                }
            ],
            "_gram": [
                "[{#asirDenuriva#}\n{#yasyAH vA kap#}]"
            ],
            "_meanings": [
                "a knife; <ls>Vikr. 4. 69.</ls>\n"
            ]
        },
        {
            "__line": 48871,
            "_ancestry": [
                "L_ 5533",
                "B_ {#asiH#}",
                "S_ {#--patra#}"
            ],
            "_banner": "{#--patra#}",
            "_bannerExp": [
                {
                    "Right": "asipatra"
                }
            ],
            "_gram": [
                "{%<ab>a.</ab>%}"
            ],
            "_meanings": [
                "having sword-shaped leaves;\n{#jAtaM tamAtmanyasipatravfkzaM#} <ls>R. 14. 48.</ls>\n"
            ],
            "_morphisms": [
                {
                    "__line": 48873,
                    "_ancestry": [
                        "L_ 5533",
                        "B_ {#asiH#}",
                        "S_ {#--patra#}",
                        "S_M_ ({#--traH#}"
                    ],
                    "_banner": "({#--traH#}",
                    "_bannerExp": [
                        {
                            "Right": "asipatraH"
                        }
                    ],
                    "_meanings": [
                        "{1} the sugar-cane. ",
                        "{2} a kind of\ntree which grows in the lower world.\n",
                        "{3} a hell paved with swords. "
                    ]
                },
                {
                    "__line": 48875,
                    "_ancestry": [
                        "L_ 5533",
                        "B_ {#asiH#}",
                        "S_ {#--patra#}",
                        "S_M_ ({#--traM#}"
                    ],
                    "_banner": "({#--traM#}",
                    "_bannerExp": [
                        {
                            "Right": "asipatraM"
                        }
                    ],
                    "_meanings": [
                        "{1} the blade of a sword. ",
                        "{2} a sheath,\na scabbard. "
                    ],
                    "_samasas": [
                        {
                            "__line": 48877,
                            "_ancestry": [
                                "L_ 5533",
                                "B_ {#asiH#}",
                                "S_ {#--patra#}",
                                "S_M_ ({#--traM#}",
                                "S_M_S_ {#°vanaM#}"
                            ],
                            "_banner": "{#°vanaM#}",
                            "_bannerExp": [
                                {
                                    "Right": "asipatravanaM"
                                }
                            ],
                            "_meanings": [
                                "a hell where the\ntrees have leaves as sharp as swords.\n"
                            ]
                        }
                    ]
                }
            ]
        },
        {
            "__line": 48879,
            "_ancestry": [
                "L_ 5533",
                "B_ {#asiH#}",
                "S_ {#--patrakaH#}"
            ],
            "_banner": "{#--patrakaH#}",
            "_bannerExp": [
                {
                    "Right": "asipatrakaH"
                }
            ],
            "_meanings": [
                "a sugar-cane. "
            ]
        },
        {
            "__line": 48879,
            "_ancestry": [
                "L_ 5533",
                "B_ {#asiH#}",
                "S_ {#--paTaH, --TaM#}"
            ],
            "_banner": "{#--paTaH, --TaM#}",
            "_bannerExp": [
                {
                    "Right": "asipaTaH"
                },
                {
                    "Right": "asipaTaM"
                }
            ],
            "_meanings": [
                "the\ncourse of the breath. "
            ]
        },
        {
            "__line": 48880,
            "_ancestry": [
                "L_ 5533",
                "B_ {#asiH#}",
                "S_ {#--pucCaH, --pucCakaH#}"
            ],
            "_banner": "{#--pucCaH, --pucCakaH#}",
            "_bannerExp": [
                {
                    "Right": "asipucCaH"
                },
                {
                    "Right": "asipucCakaH"
                }
            ],
            "_meanings": [
                "the Gangetic porpoise. "
            ]
        },
        {
            "__line": 48882,
            "_ancestry": [
                "L_ 5533",
                "B_ {#asiH#}",
                "S_ {#--putrikA, --putrI#}"
            ],
            "_banner": "{#--putrikA, --putrI#}",
            "_bannerExp": [
                {
                    "Right": "asiputrI"
                },
                {
                    "Right": "asiputrikA"
                }
            ],
            "_meanings": [
                "a knife ({#aseH putrIva#}). "
            ]
        },
        {
            "__line": 48883,
            "_ancestry": [
                "L_ 5533",
                "B_ {#asiH#}",
                "S_ {#--medaH#}"
            ],
            "_banner": "{#--medaH#}",
            "_bannerExp": [
                {
                    "Right": "asimedaH"
                }
            ],
            "_gram": [
                "[{#asiriva#}\n{#tIkzRo medo niryAso yasya#}]"
            ],
            "_meanings": [
                "the fetid  \n{%Khadira%} ({#viwKadira#}). "
            ]
        },
        {
            "__line": 48885,
            "_ancestry": [
                "L_ 5533",
                "B_ {#asiH#}",
                "S_ {#--hatya#}"
            ],
            "_banner": "{#--hatya#}",
            "_bannerExp": [
                {
                    "Right": "asihatya"
                }
            ],
            "_gram": [
                "{%<ab>a.</ab>%}"
            ],
            "_meanings": [
                "to be killed\nwith a sword. "
            ],
            "_morphisms": [
                {
                    "__line": 48886,
                    "_ancestry": [
                        "L_ 5533",
                        "B_ {#asiH#}",
                        "S_ {#--hatya#}",
                        "S_M_ ({#--tyaM#}"
                    ],
                    "_banner": "({#--tyaM#}",
                    "_bannerExp": [
                        {
                            "Right": "asihatyaM"
                        }
                    ],
                    "_meanings": [
                        "fighting with\nknives or swords. "
                    ]
                }
            ]
        },
        {
            "__line": 48887,
            "_ancestry": [
                "L_ 5533",
                "B_ {#asiH#}",
                "S_ {#--hetiH#}"
            ],
            "_banner": "{#--hetiH#}",
            "_bannerExp": [
                {
                    "Right": "asihetiH"
                }
            ],
            "_gram": [
                "[{#asirhetiH#}\n{#sADanamasya#}]"
            ],
            "_meanings": [
                "a swordsman."
            ]
        }
    ]
}