{
    "__line": 51722,
    "_ancestry": [
        "L_ 5860",
        "B_ {#Agam#}"
    ],
    "_banner": "{#Agam#}",
    "_bannerExp": [
        {
            "Right": "Agam"
        }
    ],
    "_gram": [
        "{c1c}",
        "<ab>P.</ab>"
    ],
    "_meanings": [
        "{@--1@} To come, come\nnear, approach. ",
        "{@--2@} To arrive at,\nattain, reach; fall into (a particular\nstate or condition); {#AnfRyamAgam#} to\nbecome free from debt; so {#viSvAsaM#},\n{#DyAnaM#} &c. ",
        "{@--3@} To have recourse to.\n"
    ],
    "_morphisms": [
        {
            "__line": 51728,
            "_ancestry": [
                "L_ 5860",
                "B_ {#Agam#}",
                "M_ {%--<ab>Caus.</ab>%}"
            ],
            "_bannerExp": [
                {
                    "Right": "Agam"
                }
            ],
            "_gram": [
                "{%--<ab>Caus.</ab>%}",
                "({#--gamayati#})"
            ],
            "_meanings": [
                "{@--1@} To cause to\ncome or draw near. ",
                "{@--2@} To lead \ntowards, take, convey; {#AgamitApi vidUraM#}\n<ls>Gīt. 12.</ls> ",
                "{@--3@} To announce the \narrival of; {#rAjAnamAgamayati#} = \n{#rAjAgamanamAcazwe#} <ls>Sk.</ls> ",
                "{@--4@} To ascertain, \ninform oneself about; {#prajYAmevAgamayati#}\n{#yaH prAjYeByaH sa paMqitaH#} <ls>Vop.</ls> ",
                "{@--5@} To\nlearn, acquire, study; {#samyagAgamitA#}\n{#vidyA praboDavinayAviva#} <ls>R. 10. 71</ls>;  \n{#tadapyAgamitaM mayA#} <ls>Mb.</ls>; {#Agamaya daMqanItiM#}\n{#kulavidyAM#} <ls>Dk. 155</ls>; <ls>Mv. 5</ls>;  \n<ls>Śi. 9. 79.</ls> ",
                "{@--6@} (<ab>Atm.</ab>) To wait for, have\npatience; {#Agamayasva tAvat#} = {#kzamasva#} <ls>Sk.</ls>;\n{#Agamayate kAlaM#} <ls>Vop.</ls>"
            ]
        }
    ]
}