{
    "__line": 52627,
    "_ancestry": [
        "L_ 5972",
        "B_ {#Acita#}"
    ],
    "_banner": "{#Acita#}",
    "_bannerExp": [
        {
            "Right": "Acita"
        }
    ],
    "_gram": [
        "{%<ab>p. p.</ab>%}"
    ],
    "_meanings": [
        "{@--1@} Filled, loaded\nwith, covered with; {#kacAcitO#} \n{#vizvagivAgajO gajO#} <ls>Ki. 1. 36</ls>; {#kusumAcitA#}\n{#vanarAjI, AcitanakzatrA dyOH#} &c. ",
        "{@--2@} Tied,\nstrung, woven; {#arDAcitA#} \n{#satvaramutTitAyAH#} <ls>R. 7. 10</ls> (<ab>v. l.</ab> for {#arDAMcitA#});  \n<ls>Ku. 7. 61</ls>; inlaid, set (as with gems).\n",
        "{@--3@} Collected, accumulated, heaped.\n",
        "{@--4@} Spread, diffused. "
    ],
    "_morphisms": [
        {
            "__line": 52635,
            "_ancestry": [
                "L_ 5972",
                "B_ {#Acita#}",
                "M_ {#--taH#}"
            ],
            "_banner": "{#--taH#}",
            "_bannerExp": [
                {
                    "Right": "AcitaH"
                }
            ],
            "_meanings": [
                "{@--1@} A \ncartload. ",
                "{@--2@} ({%<ab>n.</ab>%} also) A measure of 10\nBhāras or cart-loads (80, 000 Tolas);\n{#AcitaM daSa BArAH syAt SAkawo BAra AcitaH#}.\n",
                "{@--3@} A measure equal to 2000 {%palas%}."
            ]
        }
    ]
}