{
    "__line": 53904,
    "_ancestry": [
        "L_ 6124",
        "B_ {#Atmavat#}"
    ],
    "_banner": "{#Atmavat#}",
    "_bannerExp": [
        {
            "Right": "Atmavat"
        }
    ],
    "_gram": [
        "{%<ab>a.</ab>%}",
        "[{#aratyarTe matup masya vaH#}]"
    ],
    "_meanings": [
        "{@--1@}\nSelf-possessed, possessed of \nselfrestraint; <ls>Mu. 3.</ls> ",
        "{@--2@} Composed,\nprudent, wise;  \n\n{#kimivAvasAdakaramAtmavatAM#} <ls>Ki. 6. 19</ls>; <ls>Bg. 2. 45</ls>, <ls n=\"Bg.\">4. 41</ls>;  \n<ls>Ms. 1. 108</ls>, <ls n=\"Ms.\">5. 43</ls>, <ls n=\"Ms.\">7. 52.</ls> "
    ],
    "_morphisms": [
        {
            "__line": 53910,
            "_ancestry": [
                "L_ 6124",
                "B_ {#Atmavat#}",
                "M_ {%--<ab>ind.</ab>%}"
            ],
            "_bannerExp": [
                {
                    "Right": "Atmavat"
                }
            ],
            "_gram": [
                "{%--<ab>ind.</ab>%}"
            ],
            "_meanings": [
                "Like \noneself; {#Atmavat sarvaBUtezu yaH paSyati#}\n{#sa paMqitaH#}."
            ]
        }
    ]
}