{
    "__line": 54445,
    "_ancestry": [
        "L_ 6173",
        "B_ {#Adezwf#}"
    ],
    "_banner": "{#Adezwf#}",
    "_bannerExp": [
        {
            "Right": "Adezwf"
        }
    ],
    "_gram": [
        "{%<ab>a.</ab>%}"
    ],
    "_meanings": [
        "One who orders. "
    ],
    "_morphisms": [
        {
            "__line": 54445,
            "_ancestry": [
                "L_ 6173",
                "B_ {#Adezwf#}",
                "M_ {%--<ab>m.</ab>%}"
            ],
            "_bannerExp": [
                {
                    "Right": "Adezwf"
                }
            ],
            "_gram": [
                "{%--<ab>m.</ab>%}"
            ],
            "_meanings": [
                "{@--1@} An adviser, commander, director.\n",
                "{@--2@} An employer of priests ({#yajamAna#})."
            ]
        }
    ]
}