{
    "__line": 56617,
    "_ancestry": [
        "L_ 6489",
        "B_ {#ABA#}"
    ],
    "_banner": "{#ABA#}",
    "_bannerExp": [
        {
            "Right": "ABA"
        }
    ],
    "_gram": [
        "{c2c}",
        "<ab>P.</ab>"
    ],
    "_meanings": [
        "{@--1@} To shine, blaze;\n{#sutarAM ratnamABAti cAmIkaraniyojitaM#} \n<ls>Subhāṣ.</ls>; <ls>R. 3. 33.</ls> ",
        "{@--2@} To appear, look\nlike; {#ABAsi tIrTapratipAditardDiH#}  \n<ls>R. 5. 15</ls>, <ls n=\"R. 5.\">70</ls>, <ls n=\"R.\">13. 14</ls>; <ls>Bk. 7. 8</ls>, <ls n=\"Bk. 7.\">66.</ls> ",
        "{@--3@} To\noutshine."
    ]
}