{
    "__line": 59882,
    "_ancestry": [
        "L_ 6935",
        "B_ {#Avika#}"
    ],
    "_banner": "{#Avika#}",
    "_bannerExp": [
        {
            "Right": "AvikI"
        },
        {
            "Right": "Avika"
        }
    ],
    "_gram": [
        "{%<ab>a.</ab>%}",
        "({#kI#}|{%<ab>f.</ab>%})",
        "[{#avinA#} \n{#tallomnA nirmitaM Wak#}]"
    ],
    "_meanings": [
        "{@--1@} Relating to a sheep;\n{#AvikaM kzIraM#} <ls>Ms. 5. 8</ls>, <ls n=\"Ms.\">2. 41.</ls> ",
        "{@--2@}\nWoollen. "
    ],
    "_morphisms": [
        {
            "__line": 59885,
            "_ancestry": [
                "L_ 6935",
                "B_ {#Avika#}",
                "M_ {#--kaM#}"
            ],
            "_banner": "{#--kaM#}",
            "_bannerExp": [
                {
                    "Right": "AvikaM"
                }
            ],
            "_meanings": [
                "A woollen cloth, \n\nblanket; <ls>Ms. 5. 120.</ls> "
            ]
        }
    ],
    "_samasas": [
        {
            "__line": 59887,
            "_ancestry": [
                "L_ 6935",
                "B_ {#Avika#}",
                "S_   \n{#--sOtrika#}"
            ],
            "_banner": "  \n{#--sOtrika#}",
            "_bannerExp": [
                {
                    "Right": "AvikasOtrika"
                }
            ],
            "_gram": [
                "{%<ab>a.</ab>%}"
            ],
            "_meanings": [
                "made of woollen thread;\n<ls>Ms. 2. 44.</ls>"
            ]
        }
    ]
}