{
    "__line": 62682,
    "_ancestry": [
        "L_ 7277",
        "B_ {#Ahva#}"
    ],
    "_banner": "{#Ahva#}",
    "_bannerExp": [
        {
            "Right": "Ahva"
        }
    ],
    "_gram": [
        "{%<ab>a.</ab>%}",
        "[{#A-hve-qa#}]"
    ],
    "_meanings": [
        "{@--1@} Who or\nwhat calls, a crier. ",
        "{@--2@} Named, \ncalled. "
    ],
    "_morphisms": [
        {
            "__line": 62684,
            "_ancestry": [
                "L_ 7277",
                "B_ {#Ahva#}",
                "M_ {#--hvA#}"
            ],
            "_banner": "{#--hvA#}",
            "_bannerExp": [
                {
                    "Right": "AhvA"
                }
            ],
            "_gram": [
                "[{#A-hve-aN#}]"
            ],
            "_meanings": [
                "{@--1@} Calling,\ncalling out. ",
                "{@--2@} A name, appellation, \n\n<ab>oft.</ab> at the end of <ab>comp.</ab>; {#amftAhvaH#},\n{#SatAhvA#} &c."
            ]
        }
    ]
}