{
    "__line": 63453,
    "_ancestry": [
        "L_ 7365",
        "B_ {#iMduH#}"
    ],
    "_banner": "{#iMduH#}",
    "_bannerExp": [
        {
            "Right": "iMduH"
        }
    ],
    "_gram": [
        "[{#unatti kledayati caMdrikayA BuvanaM#}\n{#uMd-u Adericca#} <ls>Uṇ. 1. 12</ls>]"
    ],
    "_meanings": [
        "{@--1@} The moon;\n{#dilIpa iti rAjeMduriMduH kzIraniDAviva#}  \n<ls>R. 1. 12</ls> ({#iMdu#} is said to mean in the Veda a\ndrop of Soma juice, a bright drop or\nspark; {#sutAsa iMdavaH#} <ls>Rv. 1. 16. 6</ls>).\n",
        "{@--2@} The {#mfgaSiras#} Nakṣatra. ",
        "{@--3@} (In\n<ab>Math.</ab>) The number ‘one’. ",
        "{@--4@} \nCamphor. --(<ab>pl.</ab>) ",
        "{@--1@} The periodical changes\nof the moon. ",
        "{@--2@} The time of \n\nmoonlight, night. "
    ],
    "_samasas": [
        {
            "__line": 63464,
            "_ancestry": [
                "L_ 7365",
                "B_ {#iMduH#}",
                "S_  {#--kamalaM#}"
            ],
            "_banner": " {#--kamalaM#}",
            "_bannerExp": [
                {
                    "Right": "iMdukamalaM"
                }
            ],
            "_meanings": [
                "the\nwhite lotus. "
            ]
        },
        {
            "__line": 63465,
            "_ancestry": [
                "L_ 7365",
                "B_ {#iMduH#}",
                "S_ {#--kalA#}"
            ],
            "_banner": "{#--kalA#}",
            "_bannerExp": [
                {
                    "Right": "iMdukalA"
                }
            ],
            "_meanings": [
                "{1} a digit of\nthe moon. (These are 16, each\nof which is mythologically said\nto be devoured by 16 deities\nin succession). ",
                "{2} <ab>N.</ab> of several\nplants; {#amftA, guqUcI, somalatA#}.  \n"
            ]
        },
        {
            "__line": 63471,
            "_ancestry": [
                "L_ 7365",
                "B_ {#iMduH#}",
                "S_ {#--kalikA#}"
            ],
            "_banner": "{#--kalikA#}",
            "_bannerExp": [
                {
                    "Right": "iMdukalikA"
                }
            ],
            "_meanings": [
                "{1} <ab>N.</ab> of a plant ({#ketakI#}). ",
                "{2} a\ndigit of the moon. "
            ]
        },
        {
            "__line": 63472,
            "_ancestry": [
                "L_ 7365",
                "B_ {#iMduH#}",
                "S_ {#--kAMtaH#}"
            ],
            "_banner": "{#--kAMtaH#}",
            "_bannerExp": [
                {
                    "Right": "iMdukAMtaH"
                }
            ],
            "_meanings": [
                "the\nmoon-stone. "
            ],
            "_morphisms": [
                {
                    "__line": 63473,
                    "_ancestry": [
                        "L_ 7365",
                        "B_ {#iMduH#}",
                        "S_ {#--kAMtaH#}",
                        "S_M_ ({#--tA#}"
                    ],
                    "_banner": "({#--tA#}",
                    "_bannerExp": [
                        {
                            "Right": "iMdukAMtA"
                        }
                    ],
                    "_meanings": [
                        "{1} night. ",
                        "{2}\n<ab>N.</ab> of a plant ({#ketakI#}). "
                    ]
                }
            ]
        },
        {
            "__line": 63474,
            "_ancestry": [
                "L_ 7365",
                "B_ {#iMduH#}",
                "S_ {#--kzayaH#}"
            ],
            "_banner": "{#--kzayaH#}",
            "_bannerExp": [
                {
                    "Right": "iMdukzayaH"
                }
            ],
            "_meanings": [
                "{1}\nwaning or disappearance of the\nmoon. ",
                "{2} the new moon day.\n"
            ]
        },
        {
            "__line": 63477,
            "_ancestry": [
                "L_ 7365",
                "B_ {#iMduH#}",
                "S_ {#--jaH, --putraH#}"
            ],
            "_banner": "{#--jaH, --putraH#}",
            "_bannerExp": [
                {
                    "Right": "iMdujaH"
                },
                {
                    "Right": "iMduputraH"
                }
            ],
            "_meanings": [
                "the planet Mercury.\n"
            ],
            "_morphisms": [
                {
                    "__line": 63478,
                    "_ancestry": [
                        "L_ 7365",
                        "B_ {#iMduH#}",
                        "S_ {#--jaH, --putraH#}",
                        "S_M_ ({#--jA#}"
                    ],
                    "_banner": "({#--jA#}",
                    "_bannerExp": [
                        {
                            "Left": "S_M_ 1 error: iMduputraH ({#--jA#}"
                        },
                        {
                            "Right": "iMdujA"
                        }
                    ],
                    "_meanings": [
                        "<ab>N.</ab> of the river Revā or\nNarmadā. "
                    ]
                }
            ]
        },
        {
            "__line": 63479,
            "_ancestry": [
                "L_ 7365",
                "B_ {#iMduH#}",
                "S_ {#--janakaH#}"
            ],
            "_banner": "{#--janakaH#}",
            "_bannerExp": [
                {
                    "Right": "iMdujanakaH"
                }
            ],
            "_meanings": [
                "{1} the ocean\n(the moon being produced amongst\nother jewels at the churning of the\nocean). ",
                "{2} the sage {#atri#}. "
            ]
        },
        {
            "__line": 63482,
            "_ancestry": [
                "L_ 7365",
                "B_ {#iMduH#}",
                "S_ {#--dalaH#}"
            ],
            "_banner": "{#--dalaH#}",
            "_bannerExp": [
                {
                    "Right": "iMdudalaH"
                }
            ],
            "_meanings": [
                "a digit, crescent. "
            ]
        },
        {
            "__line": 63483,
            "_ancestry": [
                "L_ 7365",
                "B_ {#iMduH#}",
                "S_ {#--puzpikA#}"
            ],
            "_banner": "{#--puzpikA#}",
            "_bannerExp": [
                {
                    "Right": "iMdupuzpikA"
                }
            ],
            "_meanings": [
                "<ab>N.</ab> of a\nplant ({#kalikarI#} or {#jAMgalI#}). "
            ]
        },
        {
            "__line": 63484,
            "_ancestry": [
                "L_ 7365",
                "B_ {#iMduH#}",
                "S_ {#--BaM#}"
            ],
            "_banner": "{#--BaM#}",
            "_bannerExp": [
                {
                    "Right": "iMduBaM"
                }
            ],
            "_meanings": [
                "{1}\nthe sign called Cancer. ",
                "{2} the\nNakṣatra called {#mfgASiras#}. "
            ]
        },
        {
            "__line": 63486,
            "_ancestry": [
                "L_ 7365",
                "B_ {#iMduH#}",
                "S_ {#--BA#}"
            ],
            "_banner": "{#--BA#}",
            "_bannerExp": [
                {
                    "Right": "iMduBA"
                }
            ],
            "_meanings": [
                "a\nkind of water-lily. "
            ]
        },
        {
            "__line": 63487,
            "_ancestry": [
                "L_ 7365",
                "B_ {#iMduH#}",
                "S_ {#--Bft, --SeKaraH#},\n{#--mOliH#}"
            ],
            "_banner": "{#--Bft, --SeKaraH#},\n{#--mOliH#}",
            "_bannerExp": [
                {
                    "Right": "iMduBft"
                },
                {
                    "Right": "iMduSeKaraH"
                },
                {
                    "Right": "iMdumOliH"
                }
            ],
            "_meanings": [
                "‘the moon crested god,’\nepithets of Śiva. "
            ]
        },
        {
            "__line": 63489,
            "_ancestry": [
                "L_ 7365",
                "B_ {#iMduH#}",
                "S_ {#--maRiH#}"
            ],
            "_banner": "{#--maRiH#}",
            "_bannerExp": [
                {
                    "Right": "iMdumaRiH"
                }
            ],
            "_meanings": [
                "{1} the\nmoon-stone. ",
                "{2} a pearl. "
            ]
        },
        {
            "__line": 63490,
            "_ancestry": [
                "L_ 7365",
                "B_ {#iMduH#}",
                "S_ {#--maMqalaM#}"
            ],
            "_banner": "{#--maMqalaM#}",
            "_bannerExp": [
                {
                    "Right": "iMdumaMqalaM"
                }
            ],
            "_meanings": [
                "the orb or disc of the moon. "
            ]
        },
        {
            "__line": 63491,
            "_ancestry": [
                "L_ 7365",
                "B_ {#iMduH#}",
                "S_ {#--ratnaM#}"
            ],
            "_banner": "{#--ratnaM#}",
            "_bannerExp": [
                {
                    "Right": "iMduratnaM"
                }
            ],
            "_meanings": [
                "a pearl. "
            ]
        },
        {
            "__line": 63492,
            "_ancestry": [
                "L_ 7365",
                "B_ {#iMduH#}",
                "S_ {#--le(re)KA#}"
            ],
            "_banner": "{#--le(re)KA#}",
            "_bannerExp": [
                {
                    "Left": "Parser error: {#iMduH#} S_ {#--le(re)KA#}"
                }
            ],
            "_meanings": [
                "{1} a digit of\nthe moon. ",
                "{2} <ab>N.</ab> of several plants, see\n{#iMdukalA#}. "
            ]
        },
        {
            "__line": 63494,
            "_ancestry": [
                "L_ 7365",
                "B_ {#iMduH#}",
                "S_ {#--lokaH#}"
            ],
            "_banner": "{#--lokaH#}",
            "_bannerExp": [
                {
                    "Right": "iMdulokaH"
                }
            ],
            "_meanings": [
                "the world of the moon.\n"
            ]
        },
        {
            "__line": 63495,
            "_ancestry": [
                "L_ 7365",
                "B_ {#iMduH#}",
                "S_ {#--lohakaM, --lOhaM#}"
            ],
            "_banner": "{#--lohakaM, --lOhaM#}",
            "_bannerExp": [
                {
                    "Right": "iMdulOhaM"
                },
                {
                    "Right": "iMdulohakaM"
                }
            ],
            "_meanings": [
                "silver. "
            ]
        },
        {
            "__line": 63495,
            "_ancestry": [
                "L_ 7365",
                "B_ {#iMduH#}",
                "S_ {#--vadanA#}"
            ],
            "_banner": "{#--vadanA#}",
            "_bannerExp": [
                {
                    "Right": "iMduvadanA"
                }
            ],
            "_meanings": [
                "<ab>N.</ab>\nof a metre; see Appendix. "
            ]
        },
        {
            "__line": 63496,
            "_ancestry": [
                "L_ 7365",
                "B_ {#iMduH#}",
                "S_ {#--vAraH#}"
            ],
            "_banner": "{#--vAraH#}",
            "_bannerExp": [
                {
                    "Right": "iMduvAraH"
                }
            ],
            "_meanings": [
                "a kind of yoga. "
            ]
        },
        {
            "__line": 63497,
            "_ancestry": [
                "L_ 7365",
                "B_ {#iMduH#}",
                "S_ {#--vAsaraH#}"
            ],
            "_banner": "{#--vAsaraH#}",
            "_bannerExp": [
                {
                    "Right": "iMduvAsaraH"
                }
            ],
            "_meanings": [
                "Monday. "
            ]
        },
        {
            "__line": 63498,
            "_ancestry": [
                "L_ 7365",
                "B_ {#iMduH#}",
                "S_ {#--vrataM#}"
            ],
            "_banner": "{#--vrataM#}",
            "_bannerExp": [
                {
                    "Right": "iMduvrataM"
                }
            ],
            "_meanings": [
                "a religious \nobservance depending on the age of the\nmoon. It consists in diminishing\nthe quantity of food by a certain\nportion daily, for a fortnight or a\nmonth; <ab>cf.</ab> {#cAMdrAyaRa#}."
            ]
        }
    ]
}