{
    "__line": 66750,
    "_ancestry": [
        "L_ 7762",
        "B_ {#utkara#}"
    ],
    "_banner": "{#utkara#}",
    "_bannerExp": [
        {
            "Right": "utkarA"
        },
        {
            "Right": "utkarI"
        },
        {
            "Right": "utkara"
        }
    ],
    "_gram": [
        "{%<ab>a.</ab>%}",
        "({#--rA, rI#}|{%<ab>f.</ab>%})",
        "[{#kF-ap#}]"
    ],
    "_meanings": [
        "That\nwhich piles or throws up or raises.\n"
    ],
    "_morphisms": [
        {
            "__line": 66752,
            "_ancestry": [
                "L_ 7762",
                "B_ {#utkara#}",
                "M_ {#--raH#}"
            ],
            "_banner": "{#--raH#}",
            "_bannerExp": [
                {
                    "Right": "utkaraH"
                }
            ],
            "_meanings": [
                "{@--1@} A heap, multitude;  \n{#naKAMSUtkara#} <ls>Ki. 8. 5.</ls> ",
                "{@--2@} A pile, stack.\n",
                "{@--3@} Rubbish, what is thrown up\n({#mUzikotkara#}) <ls>Mk. 3.</ls>"
            ]
        }
    ]
}