{
    "__line": 9222,
    "_ancestry": [
        "L_ 791",
        "B_ {#atrasta, atrAsa, --trasnu#}"
    ],
    "_banner": "{#atrasta, atrAsa, --trasnu#}",
    "_bannerExp": [
        {
            "Right": "atrAsa"
        },
        {
            "Right": "atrasnu"
        },
        {
            "Right": "atrasta"
        }
    ],
    "_gram": [
        "{%<ab>a.</ab>%}",
        "[{#na#}. {#ta#}.]"
    ],
    "_meanings": [
        "Not afraid, fearless;  \n{#jugopAtmAnamatrastaH#} <ls>R. 1. 21.</ls>"
    ]
}