{
    "__line": 69742,
    "_ancestry": [
        "L_ 8090",
        "B_ {#uduMbala#}"
    ],
    "_banner": "{#uduMbala#}",
    "_bannerExp": [
        {
            "Right": "uduMbala"
        }
    ],
    "_gram": [
        "{%<ab>a.</ab>%}"
    ],
    "_meanings": [
        "<ab>Ved.</ab> Mighty, of \nextended power ({#urubala#}). "
    ],
    "_morphisms": [
        {
            "__line": 69743,
            "_ancestry": [
                "L_ 8090",
                "B_ {#uduMbala#}",
                "M_ {#--laH#}"
            ],
            "_banner": "{#--laH#}",
            "_bannerExp": [
                {
                    "Right": "uduMbalaH"
                }
            ],
            "_meanings": [
                "The\nfig-tree."
            ]
        }
    ]
}