{
    "__line": 70413,
    "_ancestry": [
        "L_ 8182",
        "B_ {#udDarzaRa#}"
    ],
    "_banner": "{#udDarzaRa#}",
    "_bannerExp": [
        {
            "Right": "udDarzaRa"
        }
    ],
    "_gram": [
        "{%<ab>a.</ab>%}"
    ],
    "_meanings": [
        "Animating, \nencouraging, exciting; {#hitamudDarzaRaM cEva uvAca#}\n{#praTitaM vacaH#} <ls>Rām.</ls> "
    ],
    "_morphisms": [
        {
            "__line": 70415,
            "_ancestry": [
                "L_ 8182",
                "B_ {#udDarzaRa#}",
                "M_ {#--RaM#}"
            ],
            "_banner": "{#--RaM#}",
            "_bannerExp": [
                {
                    "Right": "udDarzaRaM"
                }
            ],
            "_meanings": [
                "{@--1@} Animating.\n",
                "{@--2@} Erection of the hair (on the\nbody), thrill."
            ]
        }
    ]
}