{
    "__line": 70675,
    "_ancestry": [
        "L_ 8213",
        "B_ {#udbaMDakaH#}"
    ],
    "_banner": "{#udbaMDakaH#}",
    "_bannerExp": [
        {
            "Right": "udbaMDakaH"
        }
    ],
    "_meanings": [
        "<ab>N.</ab> of a mixed tribe \n(doing the duty of washermen); cf\n<ls>Uśanas</ls>:-- {#Ayogavena viprAyAM#} \n{#jAtAstAmropajIvinaH . tasyEva nfpakanyAyAM jAtaHsUnika#} \n{#ucyate .. sUnikasya nfpAyAM tu jAtA udbaMDakAH smftAH .#}\n{#nirRejayeyurvastrARi aspfSASca BavaMtyataH ..#}"
    ]
}