{
    "__line": 72728,
    "_ancestry": [
        "L_ 8497",
        "B_ {#upagA#}"
    ],
    "_banner": "{#upagA#}",
    "_bannerExp": [
        {
            "Right": "upagA"
        }
    ],
    "_gram": [
        "{%<ab>m.</ab>%}",
        "({#gAH#})"
    ],
    "_meanings": [
        "A priest in a \nsacrifice who sings the hymns. "
    ],
    "_morphisms": [
        {
            "__line": 72729,
            "_ancestry": [
                "L_ 8497",
                "B_ {#upagA#}",
                "M_ {%--<ab>f.</ab>%}"
            ],
            "_bannerExp": [
                {
                    "Right": "upagA"
                }
            ],
            "_gram": [
                "{%--<ab>f.</ab>%}"
            ],
            "_meanings": [
                "Accompaniment of a song."
            ]
        }
    ]
}