{
    "__line": 73418,
    "_ancestry": [
        "L_ 8585",
        "B_ {#upadA#}"
    ],
    "_banner": "{#upadA#}",
    "_bannerExp": [
        {
            "Right": "upadA"
        }
    ],
    "_gram": [
        "{c3c}",
        "<ab>U.</ab>"
    ],
    "_meanings": [
        "{@--1@} To give in \naddition. ",
        "{@--2@} To offer, give, grant (in\ngeneral). ",
        "{@--3@} To add. ",
        "{@--4@} ({c1c} <ab>A.</ab>) (<ab>Ved.</ab>)\n({%a%}) To take upon oneself. ({%b%})\nTo erect, raise, support."
    ]
}