{
    "__line": 73621,
    "_ancestry": [
        "L_ 8614",
        "B_ {#upadravaH#}"
    ],
    "_banner": "{#upadravaH#}",
    "_bannerExp": [
        {
            "Right": "upadravaH"
        }
    ],
    "_meanings": [
        "{@--1@} An unhappy accident,\nmisfortune, calamity. ",
        "{@--2@} Injury,\ntrouble, harm;  \n{#puMsAmasamarTAnAmupadravAyAtmano BavetkopaH#} <ls>Pt. 1. 324</ls>; {#nirupadravaM#}\n{#sTAnaM#} <ls>Pt. 1.</ls> ",
        "{@--3@} Outrage, violence.\n",
        "{@--4@} A national distress (whether\ncaused by the king or famine, \nseasons &c.). ",
        "{@--5@} A national \ndisturbance, rebellion. ",
        "{@--6@} A symptom, a\nsupervenient disease (one brought\non whilst a person is suffering from\nanother)."
    ]
}