{
    "__line": 75666,
    "_ancestry": [
        "L_ 8881",
        "B_ {#upaveSaH --SanaM#}"
    ],
    "_banner": "{#upaveSaH --SanaM#}",
    "_bannerExp": [
        {
            "Right": "upaveSaH"
        },
        {
            "Right": "upaveSanaM"
        }
    ],
    "_meanings": [
        "{@--1@} Sitting, sitting\ndown; as in {#prAyopaveSana#}. ",
        "{@--2@} Directing\none's mind to, being attached to.\n",
        "{@--3@} Voiding by stool. ",
        "{@--4@} Placing\ndown. "
    ]
}