{
    "__line": 76359,
    "_ancestry": [
        "L_ 8993",
        "B_ {#upasev#}"
    ],
    "_banner": "{#upasev#}",
    "_bannerExp": [
        {
            "Right": "upasev"
        }
    ],
    "_gram": [
        "{c1c}",
        "<ab>A.</ab>"
    ],
    "_meanings": [
        "{@--1@} To serve, \nworship, honour; <ls>Ms. 4. 133.</ls> ",
        "{@--2@} To \npractise, follow, pursue, cultivate; as a\nvow. ",
        "{@--3@} To make use of. ",
        "{@--4@}\nTo be addicted to, enjoy;  \n<ls>Bg. 15. 9</ls>; so {#suKaM, saMDiM, vigrahaM#} &c. ",
        "{@--5@} To\nfrequent, inhabit. ",
        "{@--6@} To rub or\nanoint with (sandal &c.)."
    ]
}