{
    "__line": 78516,
    "_ancestry": [
        "L_ 9286",
        "B_ {#ulleKaH#}"
    ],
    "_banner": "{#ulleKaH#}",
    "_bannerExp": [
        {
            "Right": "ulleKaH"
        }
    ],
    "_meanings": [
        "{@--1@} Allusion, mention. ",
        "{@--2@}\nDescription, utterance, \npronunciation. ",
        "{@--3@} Boring or digging out. ",
        "{@--4@}\n(In Rhetoric) A figure of speech\nin which an object is described \naccording to the different impressions\ncaused by its appearance;  \n{#bahuBirbahuDolleKodakasyolleKa izyate . strIBiH#} \n{#kAmo'rTiBiH svardruH kAlaH SatruBirOkzi saH#}\n<ls>Chandr. 5. 19</ls>; <ab>cf.</ab> <ls>S. D. 682.</ls> ",
        "{@--5@}\nRubbing, scratching, tearing up;\n{#KuramuKolleKa#} <ls>K. 191</ls>; {#kuwwima°#} <ls n=\"K.\">232.</ls>"
    ]
}