{
    "__line": 79334,
    "_ancestry": [
        "L_ 9394",
        "B_ {#UzaH#}"
    ],
    "_banner": "{#UzaH#}",
    "_bannerExp": [
        {
            "Right": "UzaH"
        }
    ],
    "_gram": [
        "[{#Uz-rujAyAM-ka#}]"
    ],
    "_meanings": [
        "{@--1@} Salt ground.\n",
        "{@--2@} An acid. ",
        "{@--3@} A cleft, fissure. ",
        "{@--4@}\nThe cavity of the ear. ",
        "{@--5@} The \nMalaya mountain. ",
        "{@--6@} Dawn, \ndaybreak ({#--zaM#} according to some). ",
        "{@--7@}\nSemen. "
    ],
    "_morphisms": [
        {
            "__line": 79339,
            "_ancestry": [
                "L_ 9394",
                "B_ {#UzaH#}",
                "M_ {#--zI#}"
            ],
            "_banner": "{#--zI#}",
            "_bannerExp": [
                {
                    "Right": "UzI"
                }
            ],
            "_meanings": [
                "Saline earth."
            ]
        }
    ]
}