{
    "__line": 79376,
    "_ancestry": [
        "L_ 9402",
        "B_ {#Uzman#}"
    ],
    "_banner": "{#Uzman#}",
    "_bannerExp": [
        {
            "Right": "Uzman"
        }
    ],
    "_gram": [
        "{%<ab>m.</ab>%}"
    ],
    "_meanings": [
        "{@--1@} Heat, warmth. ",
        "{@--2@}\nThe hot season, summer. ",
        "{@--3@} Steam,\nvapour, exhalation. ",
        "{@--4@} Ardour,\npassion, violence. ",
        "{@--5@} (In <ab>gram.</ab>)\nThe sounds {#S, z, s#} and {#hf#}; applied\nalso to {#zk, zp, aM#} and {#aH#}. "
    ],
    "_samasas": [
        {
            "__line": 79381,
            "_ancestry": [
                "L_ 9402",
                "B_ {#Uzman#}",
                "S_ \n{#--aMta#}"
            ],
            "_banner": "\n{#--aMta#}",
            "_bannerExp": [
                {
                    "Right": "UzmAMta"
                }
            ],
            "_meanings": [
                "ending in an Ūṣman.  \n"
            ]
        },
        {
            "__line": 79383,
            "_ancestry": [
                "L_ 9402",
                "B_ {#Uzman#}",
                "S_ {#--aMtasTAH#}"
            ],
            "_banner": "{#--aMtasTAH#}",
            "_bannerExp": [
                {
                    "Right": "UzmAMtasTAH"
                }
            ],
            "_meanings": [
                "({%<ab>m.</ab>%} <ab>pl.</ab>) the sounds called\nŪṣman and semivowels. "
            ]
        },
        {
            "__line": 79384,
            "_ancestry": [
                "L_ 9402",
                "B_ {#Uzman#}",
                "S_ {#--upagamaH#}"
            ],
            "_banner": "{#--upagamaH#}",
            "_bannerExp": [
                {
                    "Right": "UzmopagamaH"
                }
            ],
            "_meanings": [
                "approach of summer. "
            ]
        },
        {
            "__line": 79385,
            "_ancestry": [
                "L_ 9402",
                "B_ {#Uzman#}",
                "S_ {#--pa#}"
            ],
            "_banner": "{#--pa#}",
            "_bannerExp": [
                {
                    "Right": "Uzmapa"
                }
            ],
            "_gram": [
                "{%<ab>a.</ab>%}"
            ],
            "_meanings": [
                "drinking the steam of hot food. "
            ],
            "_morphisms": [
                {
                    "__line": 79386,
                    "_ancestry": [
                        "L_ 9402",
                        "B_ {#Uzman#}",
                        "S_ {#--pa#}",
                        "S_M_ ({#--paH#}"
                    ],
                    "_banner": "({#--paH#}",
                    "_bannerExp": [
                        {
                            "Right": "UzmapaH"
                        }
                    ],
                    "_meanings": [
                        "{1} fire. ",
                        "{2} a class of Manes (<ab>pl.</ab>)."
                    ]
                }
            ]
        }
    ]
}