{
    "__line": 80369,
    "_ancestry": [
        "L_ 9510",
        "B_ {#fzva#}"
    ],
    "_banner": "{#fzva#}",
    "_bannerExp": [
        {
            "Right": "fzva"
        }
    ],
    "_gram": [
        "{%<ab>a.</ab>%}"
    ],
    "_meanings": [
        "<ab>Ved.</ab> Great, high, noble.\n"
    ],
    "_morphisms": [
        {
            "__line": 80370,
            "_ancestry": [
                "L_ 9510",
                "B_ {#fzva#}",
                "M_ {#--zvaH#}"
            ],
            "_banner": "{#--zvaH#}",
            "_bannerExp": [
                {
                    "Right": "fzvaH"
                }
            ],
            "_meanings": [
                "<ab>N.</ab> of Indra and Agni."
            ]
        }
    ]
}