{
    "__line": 81163,
    "_ancestry": [
        "L_ 9547",
        "B_ {#eqakaH#}"
    ],
    "_banner": "{#eqakaH#}",
    "_bannerExp": [
        {
            "Right": "eqakaH"
        }
    ],
    "_meanings": [
        "{@--1@} A ram. ",
        "{@--2@} A wild goat.\n",
        "{@--3@} A kind of medicinal plant.\n"
    ],
    "_morphisms": [
        {
            "__line": 81165,
            "_ancestry": [
                "L_ 9547",
                "B_ {#eqakaH#}",
                "M_ {#--kA#}"
            ],
            "_banner": "{#--kA#}",
            "_bannerExp": [
                {
                    "Right": "eqakA"
                }
            ],
            "_meanings": [
                "A ewe."
            ]
        }
    ]
}