{
    "__line": 81769,
    "_ancestry": [
        "L_ 9639",
        "B_ {#EMguda#}"
    ],
    "_banner": "{#EMguda#}",
    "_bannerExp": [
        {
            "Right": "EMgudI"
        },
        {
            "Right": "EMguda"
        }
    ],
    "_gram": [
        "{%<ab>a.</ab>%}",
        "({#dI#}|{%<ab>f.</ab>%})",
        "[{#iMgudI-aR#}]"
    ],
    "_meanings": [
        "Produced from the {#iMgudI#} tree. "
    ],
    "_morphisms": [
        {
            "__line": 81770,
            "_ancestry": [
                "L_ 9639",
                "B_ {#EMguda#}",
                "M_ {#--daM#}"
            ],
            "_banner": "{#--daM#}",
            "_bannerExp": [
                {
                    "Right": "EMgudaM"
                }
            ],
            "_meanings": [
                "The nut\nof the {#iMgudI#} tree. "
            ]
        }
    ]
}