{
    "__line": 82016,
    "_ancestry": [
        "L_ 9681",
        "B_ {#ESAna#}"
    ],
    "_banner": "{#ESAna#}",
    "_bannerExp": [
        {
            "Right": "ESAna"
        }
    ],
    "_gram": [
        "{%<ab>a.</ab>%}",
        "[{#ISAna-aR#}]"
    ],
    "_meanings": [
        "Belonging\nto Śiva. "
    ],
    "_morphisms": [
        {
            "__line": 82017,
            "_ancestry": [
                "L_ 9681",
                "B_ {#ESAna#}",
                "M_ {#--nI#}"
            ],
            "_banner": "{#--nI#}",
            "_bannerExp": [
                {
                    "Right": "ESAnI"
                }
            ],
            "_meanings": [
                "{@--1@} The north-eastern\ndirection. ",
                "{@--2@} <ab>N.</ab> of Durgā."
            ]
        }
    ]
}