{
    "__line": 83325,
    "_ancestry": [
        "L_ 9906",
        "B_ {#Ozwraka#}"
    ],
    "_banner": "{#Ozwraka#}",
    "_bannerExp": [
        {
            "Right": "OzwrakI"
        },
        {
            "Right": "Ozwraka"
        }
    ],
    "_gram": [
        "{%<ab>a.</ab>%}",
        "({#kI#}|{%<ab>f.</ab>%})",
        "[{#uzwra-vuY#}]"
    ],
    "_meanings": [
        "Relating to a camel. "
    ],
    "_morphisms": [
        {
            "__line": 83326,
            "_ancestry": [
                "L_ 9906",
                "B_ {#Ozwraka#}",
                "M_ {#--kaM#}"
            ],
            "_banner": "{#--kaM#}",
            "_bannerExp": [
                {
                    "Right": "OzwrakaM"
                }
            ],
            "_meanings": [
                "A multitude\nof camels; <ls>Śi. 5. 65.</ls>"
            ]
        }
    ]
}