{
    "__line": 83705,
    "_ancestry": [
        "L_ 9951",
        "B_ {#kakzya#}"
    ],
    "_banner": "{#kakzya#}",
    "_bannerExp": [
        {
            "Right": "kakzya"
        }
    ],
    "_gram": [
        "{%<ab>a.</ab>%}"
    ],
    "_meanings": [
        "<ab>Ved.</ab> ",
        "{@--1@} Consisting of\nshrubs or dry grass. ",
        "{@--2@} Secret. ",
        "{@--3@}\nFilling the girth (<ls>Sāy.</ls>). "
    ],
    "_morphisms": [
        {
            "__line": 83707,
            "_ancestry": [
                "L_ 9951",
                "B_ {#kakzya#}",
                "M_ {#--kzyA#}"
            ],
            "_banner": "{#--kzyA#}",
            "_bannerExp": [
                {
                    "Right": "kakzyA"
                }
            ],
            "_meanings": [
                "{@--1@} The\ngirth of an elephant or horse. ",
                "{@--2@}\nA woman's girdle or zone;  \n<ls>Ki. 7. 8</ls>; <ls>Śi. 10. 62.</ls> ",
                "{@--3@} Fingers. ",
                "{@--4@}\nThe upper garment. ",
                "{@--5@} The \nborder of a garment. ",
                "{@--6@} The inner\napartment of a palace. ",
                "{@--7@} A wall,\nenclosure. ",
                "{@--8@} Similarity. ",
                "{@--9@} A shrub\nyielding the black and red berry\nthat serves as a weight. "
            ]
        },
        {
            "__line": 83716,
            "_ancestry": [
                "L_ 9951",
                "B_ {#kakzya#}",
                "M_ {#--kzyaM#}"
            ],
            "_banner": "{#--kzyaM#}",
            "_bannerExp": [
                {
                    "Right": "kakzyaM"
                }
            ],
            "_meanings": [
                "{@--1@}\nThe cup or receptacle of a balance.\n",
                "{@--2@} A part of a carriage. ",
                "{@--3@} The\nhinder part. "
            ]
        }
    ],
    "_samasas": [
        {
            "__line": 83719,
            "_ancestry": [
                "L_ 9951",
                "B_ {#kakzya#}",
                "S_  {#--avekzaka#}"
            ],
            "_banner": " {#--avekzaka#}",
            "_bannerExp": [
                {
                    "Right": "kakzyAvekzaka"
                }
            ],
            "_meanings": [
                "=\n{#kakzAvekzaka#} <ab>q. v.</ab>"
            ]
        }
    ]
}